"","x"
"1","IRF9"
"2","GADD45B"
"3","GNAI2"
"4","POU2F2"
"5","ACTG2"
"6","PIK3R1"
"7","STARD3"
"8","STAMBPL1"
"9","KRT14"
"10","CDC25A"
"11","PSMB2"
"12","ASB3"
"13","NHLRC3"
"14","IL26"
"15","PLA2G4E"
"16","SUGT1"
"17","CYBB"
"18","NKX6-1"
"19","UBE2V2"
"20","NAV1"
"21","GGA2"
"22","INPP5K"
"23","MYL7"
"24","PNPLA6"
"25","CCKAR"
"26","HMGB2"
"27","PSMC5"
"28","FAM30A"
"29","P3H2"
"30","COL8A1"
"31","SH2D1B"
"32","GJB1"
"33","EMD"
"34","SPIDR"
"35","SEC13"
"36","SCG2"
"37","CR2"
"38","OSMR"
"39","ADNP2"
"40","ALDH3A2"
"41","NCAM1"
"42","DNMT3A"
"43","ETNK1"
"44","MTM1"
"45","APTX"
"46","RUVBL1"
"47","DNAJC11"
"48","SERINC2"
"49","LBP"
"50","POLE2"
"51","PTPRM"
"52","POU2F3"
"53","FUCA1"
"54","PGLS"
"55","USF2"
"56","FOXC1"
"57","ARSG"
"58","MED10"
"59","GSTO1"
"60","IGLV7-43"
"61","SEH1L"
"62","GNPTAB"
"63","PSMB6"
"64","TMEM140"
"65","SAV1"
"66","IGLV8-61"
"67","LHPP"
"68","NPC2"
"69","SH2D1A"
"70","ACKR3"
"71","ATP5F1D"
"72","CLSTN1"
"73","VASP"
"74","NDUFAB1"
"75","NTRK1"
"76","STAT1"
"77","ICAM3"
"78","SOCS1"
"79","PROCR"
"80","PRL"
"81","DDIT3"
"82","ARID5B"
"83","LRPPRC"
"84","TCF7L1"
"85","CPB1"
"86","GSK3B"
"87","ULBP3"
"88","ZNF580"
"89","BAG3"
"90","FES"
"91","PRKCA"
"92","BRD3"
"93","AZI2"
"94","HTR1B"
"95","SLC38A2"
"96","PPP2R1B"
"97","TMX3"
"98","NPM2"
"99","SPRED2"
"100","ASS1"
"101","SNU13"
"102","MFNG"
"103","MDM4"
"104","DNER"
"105","APH1A"
"106","PDLIM2"
"107","KPNA1"
"108","AKR1A1"
"109","SLC3A2"
"110","CASP10"
"111","TERT"
"112","NTF3"
"113","PDK2"
"114","TRIM24"
"115","RHBDD2"
"116","CHORDC1"
"117","NME1"
"118","ACD"
"119","GRK6"
"120","GRIP1"
"121","PPME1"
"122","ULBP2"
"123","PLPPR1"
"124","SMARCD3"
"125","PLXNA1"
"126","BCHE"
"127","COPS7B"
"128","MCFD2"
"129","SSH2"
"130","CEBPZ"
"131","LY96"
"132","NUP205"
"133","SYN3"
"134","FGD4"
"135","RAB5B"
"136","CDH5"
"137","PTDSS1"
"138","TREML1"
"139","RNF34"
"140","MIS18A"
"141","NUP107"
"142","BCOR"
"143","GALP"
"144","MIB2"
"145","TBXA2R"
"146","GALNS"
"147","PPM1B"
"148","LTBP2"
"149","FHL1"
"150","ORAI1"
"151","LATS1"
"152","HELZ2"
"153","P2RY6"
"154","SNHG11"
"155","SLC27A4"
"156","APOLD1"
"157","ILF2"
"158","MIF"
"159","PAG1"
"160","ICAM5"
"161","PTPRF"
"162","IRF2"
"163","ITGA8"
"164","DRAXIN"
"165","HDAC11"
"166","SRGAP2"
"167","TOP2A"
"168","NR4A1"
"169","POLD3"
"170","LIPA"
"171","CD68"
"172","OSBPL3"
"173","TRBC2"
"174","ADGRL1"
"175","COL6A2"
"176","SORBS1"
"177","GLO1"
"178","HTR6"
"179","ADCY9"
"180","FZD10"
"181","DBP"
"182","ACADS"
"183","MAP4K3"
"184","RHOF"
"185","BASP1"
"186","DDIT4"
"187","NGLY1"
"188","CD44"
"189","CEACAM8"
"190","NDUFA4L2"
"191","HLA-DMB"
"192","DAPK1"
"193","SPON2"
"194","HNF1A"
"195","DUSP2"
"196","HECTD2"
"197","AHR"
"198","NSDHL"
"199","CISH"
"200","TRIP12"
"201","ENPP4"
"202","PSMC1"
"203","PLAC8"
"204","RAB2A"
"205","ELP6"
"206","DEGS1"
"207","PTBP1"
"208","GRID2"
"209","LPCAT3"
"210","MYL12A"
"211","GLIS3"
"212","REPS2"
"213","POMC"
"214","KRT10"
"215","RUNX3"
"216","SLC24A3"
"217","TMED5"
"218","ATOX1"
"219","TSC1"
"220","HSD17B12"
"221","RLN3"
"222","ACSL5"
"223","CAPN7"
"224","SQLE"
"225","PRKCD"
"226","USP1"
"227","SDHA"
"228","NTRK2"
"229","CDKN2A"
"230","CNGA2"
"231","EPHB3"
"232","ST6GAL1"
"233","TRAV8-4"
"234","TNS3"
"235","CCK"
"236","TUBGCP3"
"237","FAR2"
"238","IL21"
"239","ADORA2A"
"240","TMEM119"
"241","TANK"
"242","CDC16"
"243","CLEC4D"
"244","SEC11C"
"245","MLH3"
"246","DUSP16"
"247","KRT20"
"248","RAD23B"
"249","ITPK1"
"250","TYMP"
"251","NCKAP1L"
"252","CRACR2A"
"253","BCL3"
"254","ESYT1"
"255","NPY"
"256","PDS5A"
"257","RXRB"
"258","TLN1"
"259","NTHL1"
"260","AFF2"
"261","SPRR3"
"262","SULF2"
"263","LIMD1"
"264","CLEC14A"
"265","MFAP5"
"266","NDUFS1"
"267","LAMB3"
"268","MSR1"
"269","DOCK9"
"270","GAD2"
"271","PDHX"
"272","EDEM1"
"273","FGF7"
"274","NPVF"
"275","MMP15"
"276","DPY30"
"277","TRIM34"
"278","SIGLEC8"
"279","LYPLA1"
"280","TNR"
"281","BCL11B"
"282","NECTIN1"
"283","IQCK"
"284","PDIA4"
"285","S100P"
"286","ARF4"
"287","ARRB1"
"288","ATP6AP1"
"289","CDH3"
"290","CBL"
"291","MR1"
"292","SPACA3"
"293","WNT9A"
"294","WDR77"
"295","VPS25"
"296","SCUBE2"
"297","BCAT1"
"298","SAA1"
"299","TCL1A"
"300","ADH4"
"301","SLIT2"
"302","UBE2D1"
"303","LTA4H"
"304","SLC5A7"
"305","ZEB2"
"306","CANT1"
"307","LTBR"
"308","DGKG"
"309","ATXN2"
"310","GPR160"
"311","TPO"
"312","CENPC"
"313","NCOA7"
"314","BBS1"
"315","SEMA3C"
"316","DHRS3"
"317","POLR1G"
"318","EIF2S3"
"319","TAPBP"
"320","BACE1"
"321","COX4I1"
"322","ARRB2"
"323","RSPO3"
"324","TFR2"
"325","CAPN2"
"326","DLGAP2"
"327","PDYN"
"328","SETD7"
"329","NEUROG1"
"330","CAMK2N1"
"331","MYO9B"
"332","ZIC2"
"333","COMMD9"
"334","GPC4"
"335","TPTE"
"336","RILP"
"337","EXO1"
"338","PPA2"
"339","ATP1A4"
"340","HOXA9"
"341","TSPYL2"
"342","C5AR2"
"343","THRAP3"
"344","LHFPL2"
"345","SYNJ1"
"346","AGAP3"
"347","RRM2B"
"348","GPX3"
"349","B9D2"
"350","PRKAR2A"
"351","SMAD7"
"352","DNAJC1"
"353","MOGS"
"354","HHEX"
"355","SPAST"
"356","LILRB1"
"357","TCF12"
"358","FBXO27"
"359","BLNK"
"360","PSMA3"
"361","RHOBTB3"
"362","FGF16"
"363","PARP12"
"364","COMMD3"
"365","MUC2"
"366","HOXA11"
"367","PLAT"
"368","DSE"
"369","FBXW7"
"370","STX7"
"371","PRKCZ"
"372","CDKN2B"
"373","E2F3"
"374","C8G"
"375","HK1"
"376","ELL2"
"377","GAB1"
"378","LIN54"
"379","GPR182"
"380","TSC2"
"381","NCR3"
"382","CERS5"
"383","DEFB134"
"384","HDAC4"
"385","NEURL1"
"386","HDAC6"
"387","ELMO2"
"388","DNASE1L1"
"389","LPAR1"
"390","HDAC8"
"391","SACM1L"
"392","PPP1R16B"
"393","AGR2"
"394","SPPL2A"
"395","PBRM1"
"396","RAP1A"
"397","COL4A2"
"398","STXBP1"
"399","BIRC6"
"400","ASH2L"
"401","HMMR"
"402","MAPK10"
"403","EIF4G1"
"404","PLA2R1"
"405","ADD3"
"406","SUMF2"
"407","PTPRU"
"408","PTGER3"
"409","ACER2"
"410","G3BP2"
"411","DIPK2B"
"412","LCK"
"413","GLI1"
"414","CSNK1G2"
"415","FGFRL1"
"416","ITGA3"
"417","SERINC5"
"418","HSD17B11"
"419","CTNND2"
"420","ATP1B1"
"421","HBA1/2"
"422","CCS"
"423","CTNNB1"
"424","AKR1B1"
"425","ATF3"
"426","DGKD"
"427","CACNA1S"
"428","RNGTT"
"429","AMBP"
"430","SRR"
"431","ARPC5"
"432","MTAP"
"433","CD5"
"434","ACVR1"
"435","KRT1"
"436","HK2"
"437","OLIG2"
"438","SIX2"
"439","FAR1"
"440","RASGRP2"
"441","RDH14"
"442","COL15A1"
"443","BAD"
"444","GAS7"
"445","MTF1"
"446","IGHV1-69"
"447","POLE3"
"448","TGFB2"
"449","COMP"
"450","SLC1A1"
"451","NFATC1"
"452","IKBKE"
"453","JUP"
"454","PHLDA1"
"455","MTMR9"
"456","FGF6"
"457","SLC2A3"
"458","MYL2"
"459","TAOK3"
"460","CST7"
"461","MED21"
"462","NEDD4"
"463","GYPC"
"464","PSMD3"
"465","ITGB6"
"466","NUDT1"
"467","THEM4"
"468","ALOX5AP"
"469","NDUFA4"
"470","MGST3"
"471","CLASP1"
"472","SLC17A7"
"473","EPB41L2"
"474","ISG20"
"475","XPC"
"476","VDAC1"
"477","FLOT1"
"478","PDCD2"
"479","RNF115"
"480","TUBB1"
"481","BRF2"
"482","HMGN1"
"483","TRPM7"
"484","OXT"
"485","PLEKHA5"
"486","GPR75"
"487","NELL2"
"488","ELP1"
"489","STAM2"
"490","PTPRC"
"491","ISY1"
"492","PPARGC1A"
"493","PTPN13"
"494","PLA2G10"
"495","ALKBH2"
"496","PTK7"
"497","LILRA4"
"498","FSTL3"
"499","LOX"
"500","PTPN6"
"501","NFATC4"
"502","SUCLG2"
"503","NTNG1"
"504","SMARCC2"
"505","NEK6"
"506","CCR7"
"507","CD3D"
"508","TNIP2"
"509","TAF8"
"510","ALOX12"
"511","PSMD14"
"512","UBE3C"
"513","PGF"
"514","HEYL"
"515","HERC1"
"516","BIN2"
"517","PER1"
"518","COL4A4"
"519","SHMT2"
"520","SASH1"
"521","ZNF304"
"522","NDUFA5"
"523","RASGRF2"
"524","NF1"
"525","RIF1"
"526","PLK3"
"527","ADCY3"
"528","SUDS3"
"529","CHMP1A"
"530","UBQLN2"
"531","PAX4"
"532","PLCB4"
"533","PGPEP1"
"534","TRABD2A"
"535","CXXC4"
"536","MKRN1"
"537","ROCK2"
"538","KCTD12"
"539","SMC1B"
"540","FYB1"
"541","MYL4"
"542","ATM"
"543","UGP2"
"544","LEP"
"545","ITM2B"
"546","PVRIG"
"547","TENM3"
"548","SFI1"
"549","FZD6"
"550","PDPR"
"551","PCSK1N"
"552","PAX8"
"553","TIFA"
"554","DTX3"
"555","PMF1"
"556","HIF1A"
"557","VPS36"
"558","VAMP2"
"559","TPP1"
"560","PLCB1"
"561","CXCR6"
"562","PTGER2"
"563","RASAL1"
"564","NDUFB11"
"565","COL12A1"
"566","RGS1"
"567","CRADD"
"568","MAP4"
"569","IL10RB"
"570","HSD17B2"
"571","KCNJ6"
"572","SVIP"
"573","PMCH"
"574","TAP1"
"575","AASS"
"576","LMO7"
"577","IMPDH2"
"578","ENAH"
"579","CYLD"
"580","CTNNAL1"
"581","PRLR"
"582","ADGRF1"
"583","SMNDC1"
"584","COL5A2"
"585","NGF"
"586","MLLT11"
"587","ELOVL1"
"588","SYNDIG1"
"589","CEBPB"
"590","FBXO11"
"591","PSG4"
"592","GUCA2B"
"593","FUT8"
"594","ARF1"
"595","ASNS"
"596","CDC27"
"597","FBXO9"
"598","BLVRB"
"599","KLRB1"
"600","ADIPOQ"
"601","HILPDA"
"602","PHKB"
"603","CACNA1D"
"604","RAP2B"
"605","DNAH14"
"606","PRPF8"
"607","AGPAT4"
"608","ATG16L2"
"609","MED11"
"610","NPPB"
"611","SLC2A2"
"612","REL"
"613","EYA1"
"614","EPN1"
"615","CSPG4"
"616","SLC9A3R1"
"617","ZNRF1"
"618","CBLC"
"619","GTF2H5"
"620","SH3RF1"
"621","NUBPL"
"622","SOCS4"
"623","YES1"
"624","UBE2E3"
"625","PLAU"
"626","CMIP"
"627","NFIB"
"628","CHST9"
"629","OSCAR"
"630","RAC1"
"631","MEOX1"
"632","DLK1"
"633","PDE4A"
"634","CD6"
"635","SEC63"
"636","REC8"
"637","FNTA"
"638","FOXF1"
"639","BIRC3"
"640","SPTLC2"
"641","MGMT"
"642","HS3ST4"
"643","RIPK2"
"644","HPGD"
"645","SLC25A11"
"646","DCC"
"647","MELTF"
"648","CALB1"
"649","CAB39"
"650","FXN"
"651","GRM7"
"652","LMAN1"
"653","SLC25A6"
"654","APEH"
"655","PRICKLE2"
"656","DPYSL2"
"657","ADAM22"
"658","LAMC2"
"659","USP21"
"660","HMGA1"
"661","ABCG1"
"662","SMUG1"
"663","USP18"
"664","MAGEA1"
"665","SLU7"
"666","UQCRQ"
"667","DAPK3"
"668","MGP"
"669","PARD6A"
"670","TTN"
"671","MYO10"
"672","TOR1A"
"673","CADM1"
"674","RAB28"
"675","ITGA6"
"676","NXF1"
"677","SLAMF1"
"678","SEC24A"
"679","CREB3L2"
"680","PIAS1"
"681","ACIN1"
"682","TNFRSF11A"
"683","CCNO"
"684","EEF2K"
"685","NRSN1"
"686","S100A14"
"687","AEBP2"
"688","PCCA"
"689","DLG1"
"690","EFNB2"
"691","LGMN"
"692","PNPLA8"
"693","PRKAG1"
"694","OAS1"
"695","RHOG"
"696","AKR1C1"
"697","ADD2"
"698","LRRC3B"
"699","TYMS"
"700","NBL1"
"701","LYN"
"702","TRAT1"
"703","SLC25A17"
"704","TXNDC16"
"705","TNFRSF8"
"706","NR3C2"
"707","OTULIN"
"708","ADRA2C"
"709","CTNNA2"
"710","LRP2"
"711","C2"
"712","IL25"
"713","FAT4"
"714","MTX2"
"715","MRGPRX1"
"716","SCN2A"
"717","MTMR14"
"718","EPOR"
"719","GLP1R"
"720","UBE2N"
"721","PSMA5"
"722","DYNC2H1"
"723","PRKD3"
"724","RRAGA"
"725","CCL22"
"726","TRIM26"
"727","PI3"
"728","BNIP3"
"729","STAT5B"
"730","ASB6"
"731","INSR"
"732","SPRR2A"
"733","ATP6V0E2"
"734","ATP8A2"
"735","CLDN3"
"736","PIP5K1B"
"737","NDUFA13"
"738","SLPI"
"739","ATG4C"
"740","POU2AF1"
"741","SP1"
"742","DCTN4"
"743","SYNE2"
"744","PCNT"
"745","MAPK8IP3"
"746","NRG4"
"747","KCNAB2"
"748","PSMF1"
"749","SDCBP"
"750","LUZP2"
"751","CRYAB"
"752","TOX"
"753","ADORA1"
"754","RNF123"
"755","BBLN"
"756","NUCB2"
"757","SPSB1"
"758","MAP3K5"
"759","DAB2"
"760","LGR4"
"761","SLC15A4"
"762","ULK1"
"763","EXOSC4"
"764","SSR3"
"765","APOL1"
"766","SPP1"
"767","CAPNS1"
"768","FUT5"
"769","IGKV4-1"
"770","CALML3"
"771","KANSL2"
"772","BOK"
"773","PAIP1"
"774","S100A2"
"775","SESN2"
"776","HERC4"
"777","XRN1"
"778","UFL1"
"779","ACTR10"
"780","KDM1B"
"781","SMYD2"
"782","TUT4"
"783","VCAM1"
"784","FGF4"
"785","PPP1R10"
"786","SLC32A1"
"787","SMPD1"
"788","MT1H"
"789","CSF3R"
"790","BPGM"
"791","XPA"
"792","PSME3"
"793","NPPC"
"794","FZD5"
"795","CARHSP1"
"796","EPB41L4A"
"797","ASCL1"
"798","AOAH"
"799","POLD2"
"800","AGO2"
"801","ZNRF3"
"802","KPNA3"
"803","CCNC"
"804","DISC1"
"805","PRUNE1"
"806","P4HA1"
"807","TNFRSF13B"
"808","FBXO21"
"809","KRT5"
"810","UBE3D"
"811","RAB1A"
"812","NCR3LG1"
"813","MAGEA12"
"814","ADH1C"
"815","ZZZ3"
"816","AGMO"
"817","MYRF"
"818","TAF5L"
"819","NECTIN3"
"820","CYB5R1"
"821","TNFRSF21"
"822","MTA3"
"823","SEC31A"
"824","TXNRD1"
"825","CAMK2D"
"826","EXOSC3"
"827","RAMP2"
"828","TBC1D1"
"829","HFE"
"830","RNASET2"
"831","RGS12"
"832","ARHGAP22"
"833","HOXA10"
"834","RPA3"
"835","EPHA6"
"836","IMPA2"
"837","GTF2F1"
"838","CEBPE"
"839","ABI2"
"840","NKIRAS2"
"841","CENPN"
"842","ATR"
"843","TUBA1A"
"844","ANAPC13"
"845","POLR2D"
"846","HTR2A"
"847","TRA2A"
"848","CREB3L3"
"849","CT45A"
"850","FBXW2"
"851","PHGDH"
"852","CD79A"
"853","IRS2"
"854","PLTP"
"855","PRICKLE1"
"856","RICTOR"
"857","ASXL1"
"858","CDC23"
"859","MED16"
"860","CLDN5"
"861","SEC24C"
"862","XRCC6"
"863","CMTM4"
"864","RIMS2"
"865","CREBBP"
"866","CD80"
"867","SEMA5A"
"868","CAMK2A"
"869","CADM4"
"870","MAP3K7"
"871","ANP32B"
"872","PCSK9"
"873","ELOC"
"874","ERCC8"
"875","NCAPH2"
"876","KMT2C"
"877","MEX3C"
"878","RSPO1"
"879","RFC3"
"880","ZBTB16"
"881","SMC3"
"882","TRAF1"
"883","MORF4L2"
"884","SLC35E3"
"885","CRTC3"
"886","SUMO3"
"887","CMC1"
"888","FSHB"
"889","ITGAL"
"890","DNMT3L"
"891","CA2"
"892","TGFB3"
"893","SORT1"
"894","GZMA"
"895","MZB1"
"896","GOLGA2"
"897","PDGFC"
"898","FAF2"
"899","PPP2R3A"
"900","EIF2AK3"
"901","HACD2"
"902","ANXA5"
"903","FBXO6"
"904","RAPGEF4"
"905","CORT"
"906","NAMPT"
"907","GSN"
"908","FBXW4"
"909","SELENOP"
"910","SYNPR"
"911","HOPX"
"912","COP1"
"913","SH3PXD2B"
"914","TNFSF13"
"915","KCNA3"
"916","ATP5F1B"
"917","CD59"
"918","HLA-DQB2"
"919","FAP"
"920","C8B"
"921","NCK2"
"922","TNPO1"
"923","GLRX"
"924","EMCN"
"925","DIAPH1"
"926","LIN28A"
"927","PER3"
"928","IST1"
"929","NUP50"
"930","HOXB4"
"931","TNFSF11"
"932","MAG"
"933","ACSS1"
"934","LIG1"
"935","RAD23A"
"936","TRIM9"
"937","KRT13"
"938","CFH"
"939","ADGRG3"
"940","PIM2"
"941","GRIN2B"
"942","ZIC3"
"943","RNLS"
"944","SNX4"
"945","NFIL3"
"946","GP1BB"
"947","FA2H"
"948","LCOR"
"949","NLRP3"
"950","SHANK2"
"951","CIB1"
"952","PROS1"
"953","HMGN2"
"954","ARIH1"
"955","BIRC7"
"956","CPT2"
"957","SYT14"
"958","ACTA2"
"959","EIF4A2"
"960","LDB1"
"961","TREM1"
"962","AP3S2"
"963","PCDH17"
"964","ADGRA3"
"965","RIT2"
"966","FOS"
"967","NOTCH4"
"968","DNMT1"
"969","MLXIPL"
"970","TRIM69"
"971","FOSL1"
"972","FSTL4"
"973","IFI16"
"974","DCAF1"
"975","CD4"
"976","PSENEN"
"977","LILRB3/A6"
"978","SH3PXD2A"
"979","GGA3"
"980","H3-3A"
"981","GTF2E2"
"982","ATP6V1H"
"983","FDPS"
"984","SEC61A2"
"985","RHO"
"986","STT3B"
"987","CEP164"
"988","CHMP2A"
"989","ETFDH"
"990","PLK2"
"991","FASN"
"992","ATP2B4"
"993","SOCS3"
"994","DNM1L"
"995","LDLR"
"996","RRBP1"
"997","OCA2"
"998","SAT1"
"999","SELENOI"
"1000","CD34"
"1001","PDHB"
"1002","TWIST2"
"1003","DRD2"
"1004","CDH11"
"1005","NEUROD1"
"1006","PPP1R9B"
"1007","FAAP24"
"1008","SDK1"
"1009","BAG5"
"1010","TBC1D4"
"1011","DLST"
"1012","NODAL"
"1013","DUSP1"
"1014","FOLR3"
"1015","PARP9"
"1016","NF2"
"1017","RRAD"
"1018","TGIF1"
"1019","CRLF2"
"1020","SAMD1"
"1021","LTC4S"
"1022","UIMC1"
"1023","ACOX1"
"1024","GJC1"
"1025","PIK3CA"
"1026","BCKDK"
"1027","IGHG1/2"
"1028","S1PR4"
"1029","DNAJB1"
"1030","KDM4C"
"1031","DYNLL1"
"1032","GIMAP4"
"1033","UQCRFS1"
"1034","RASIP1"
"1035","UNC13C"
"1036","ALDH1L1"
"1037","ST6GALNAC3"
"1038","WRN"
"1039","MHC I"
"1040","UCHL5"
"1041","PGAM1"
"1042","SRPX"
"1043","RAC2"
"1044","NDUFA7"
"1045","PCM1"
"1046","GNB1"
"1047","CCND3"
"1048","IL22"
"1049","SPINK1"
"1050","SOX2"
"1051","KIF5B"
"1052","PPM1L"
"1053","RLF"
"1054","HVCN1"
"1055","MS4A4A"
"1056","A1BG"
"1057","DICER1"
"1058","TMEM63A"
"1059","CDC40"
"1060","NKX2-2"
"1061","SPARC"
"1062","E2F5"
"1063","NUP37"
"1064","FRS2"
"1065","ZNF804A"
"1066","CD81"
"1067","CCDC59"
"1068","MTMR7"
"1069","CD47"
"1070","MRE11"
"1071","HSD17B8"
"1072","P2RY1"
"1073","MAGEC1"
"1074","FGFR3"
"1075","IP6K2"
"1076","ACVR1C"
"1077","SH3BP2"
"1078","AARS1"
"1079","GADD45G"
"1080","CYP4A22"
"1081","APOC3"
"1082","PLEKHA8"
"1083","IFIT2"
"1084","PPIL3"
"1085","C1QTNF7"
"1086","NSUN3"
"1087","P4HA2"
"1088","MT1X"
"1089","ZDHHC8"
"1090","SCARA5"
"1091","S100A16"
"1092","NFYA"
"1093","GRK3"
"1094","SF3B3"
"1095","HRH1"
"1096","NUDT15"
"1097","DPPA4"
"1098","CDKN1C"
"1099","ALG13"
"1100","RTN4RL1"
"1101","APOE"
"1102","KAT7"
"1103","CLECL1P"
"1104","SMYD3"
"1105","CYP7B1"
"1106","AGTR2"
"1107","GLUL"
"1108","PLBD1"
"1109","PPP1R1B"
"1110","FABP1"
"1111","CTSB"
"1112","ORAI2"
"1113","RAET1G"
"1114","IL3"
"1115","TRPV2"
"1116","LSS"
"1117","ZNF296"
"1118","UBE2R2"
"1119","AIG1"
"1120","PARD3B"
"1121","ORAI3"
"1122","BMPR1B"
"1123","TUBGCP2"
"1124","PSD3"
"1125","WASF2"
"1126","LAMTOR3"
"1127","MED14"
"1128","AGRN"
"1129","TFE3"
"1130","CST3"
"1131","IL10"
"1132","BCAP31"
"1133","SELENOK"
"1134","ALDOC"
"1135","VPS37D"
"1136","CLMN"
"1137","UBR4"
"1138","EPO"
"1139","RFXANK"
"1140","VWA1"
"1141","LINC02446"
"1142","SIRPA"
"1143","DLL4"
"1144","IDH1"
"1145","LRRC41"
"1146","GNB2"
"1147","UBQLN1"
"1148","BAP1"
"1149","INSM1"
"1150","TPCN2"
"1151","CD1E"
"1152","RYK"
"1153","MAP2K4"
"1154","DLG4"
"1155","POLR2A"
"1156","ITK"
"1157","SZT2"
"1158","CDK11B"
"1159","CCL17"
"1160","ANLN"
"1161","ARID1B"
"1162","OGG1"
"1163","UBE2A"
"1164","BNIP3L"
"1165","CCDC88C"
"1166","NRXN3"
"1167","AZU1"
"1168","TP73"
"1169","CCL14"
"1170","SEMA4B"
"1171","DERL1"
"1172","LPIN1"
"1173","CDH18"
"1174","TNFSF15"
"1175","NBEA"
"1176","SEC61A1"
"1177","CD300E"
"1178","CRB1"
"1179","SLC10A6"
"1180","YWHAH"
"1181","RAMP3"
"1182","NKX3-1"
"1183","INO80"
"1184","NDUFS2"
"1185","COL17A1"
"1186","TLR7"
"1187","CENPE"
"1188","GRM5"
"1189","IL17RB"
"1190","P2RX1"
"1191","CSNK1G3"
"1192","CEBPG"
"1193","SPOPL"
"1194","FH"
"1195","LFNG"
"1196","CREBRF"
"1197","PPP1R15B"
"1198","EPHA4"
"1199","COL1A1"
"1200","CCR1"
"1201","NFAT5"
"1202","IFT140"
"1203","JAM2"
"1204","ATP6V0C"
"1205","PDE1A"
"1206","CUL3"
"1207","SELENOS"
"1208","DHFR"
"1209","DLX1"
"1210","CASP3"
"1211","SIGLEC5"
"1212","CXCL5"
"1213","COL11A2"
"1214","NEDD4L"
"1215","PTGES"
"1216","KLK11"
"1217","HLA-DQA1"
"1218","COX1"
"1219","DPYD"
"1220","DCP2"
"1221","CACNB2"
"1222","FPR3"
"1223","MCM5"
"1224","MECR"
"1225","MAP2K3"
"1226","BMP3"
"1227","IQCB1"
"1228","MAPK8IP2"
"1229","MAVS"
"1230","PAN2"
"1231","WDR41"
"1232","SC5D"
"1233","COL6A3"
"1234","PSMB9"
"1235","PFKL"
"1236","NUDC"
"1237","SMAP1"
"1238","CD38"
"1239","PSMD2"
"1240","CDK10"
"1241","IFNE"
"1242","CLEC4A"
"1243","SRC"
"1244","ANGPTL1"
"1245","IGFBP3"
"1246","GABARAPL1"
"1247","RASSF6"
"1248","SLC11A2"
"1249","DCTN2"
"1250","COL2A1"
"1251","EPHB2"
"1252","PTPMT1"
"1253","AGO4"
"1254","COL6A6"
"1255","FCGR3A"
"1256","MRM2"
"1257","SNAP23"
"1258","NPDC1"
"1259","SSNA1"
"1260","UBR5"
"1261","DAB2IP"
"1262","DCTN6"
"1263","NFATC2"
"1264","IFRD1"
"1265","THOC2"
"1266","PRAME"
"1267","WDR45"
"1268","DOCK1"
"1269","PTPRR"
"1270","LDLRAD3"
"1271","TOPBP1"
"1272","LILRA5"
"1273","COL4A6"
"1274","AGRP"
"1275","TANC2"
"1276","NRP1"
"1277","PPP1R11"
"1278","TMEM192"
"1279","GHITM"
"1280","LGALS3BP"
"1281","GNG2"
"1282","INIP"
"1283","CCL1"
"1284","SST"
"1285","PCGF6"
"1286","LSR"
"1287","TMED2"
"1288","STRN3"
"1289","DUSP8"
"1290","WWP2"
"1291","RP9"
"1292","RFX3"
"1293","MANF"
"1294","HLA-DRA"
"1295","PRPF40B"
"1296","HSD17B4"
"1297","ALMS1"
"1298","SNRPF"
"1299","EFTUD2"
"1300","CHRM1"
"1301","ACVR1B"
"1302","CCDC50"
"1303","BRAF"
"1304","FCN1"
"1305","MEF2D"
"1306","TAOK1"
"1307","ADRB1"
"1308","ABHD5"
"1309","CCNH"
"1310","STAT5A"
"1311","IL13RA2"
"1312","ETS2"
"1313","ATXN1"
"1314","ACSBG1"
"1315","SMC2"
"1316","GOLGA7"
"1317","DYNC1LI2"
"1318","LAMP2"
"1319","RBSN"
"1320","DAPK2"
"1321","ARNT"
"1322","CD9"
"1323","AKAP1"
"1324","PSMA4"
"1325","LYL1"
"1326","SERPINF1"
"1327","RCAN2"
"1328","MX1"
"1329","LAMTOR4"
"1330","NLRP1"
"1331","TMC7"
"1332","KCNB2"
"1333","PLCB2"
"1334","STT3A"
"1335","PRMT5"
"1336","SKA2"
"1337","LYZ"
"1338","HSD11B1"
"1339","CCNK"
"1340","AATK"
"1341","SH3GL1"
"1342","XKR6"
"1343","RNF135"
"1344","UBXN6"
"1345","C1S"
"1346","UBA7"
"1347","RRAS2"
"1348","PPARD"
"1349","CFB"
"1350","TNNC1"
"1351","TRIM38"
"1352","SCGB1A1"
"1353","PFKFB2"
"1354","CAMKK1"
"1355","NES"
"1356","MAPKAPK2"
"1357","IER3"
"1358","DMD"
"1359","YPEL5"
"1360","ARHGDIB"
"1361","CACNA1B"
"1362","RAB1B"
"1363","UQCRC2"
"1364","SLIT1"
"1365","CAND1"
"1366","IL7"
"1367","UBAP1"
"1368","IL27"
"1369","H3P7"
"1370","CHD3"
"1371","UTRN"
"1372","CALB2"
"1373","BLMH"
"1374","DMAP1"
"1375","TNFRSF18"
"1376","PRPSAP2"
"1377","EIF4E"
"1378","AQP1"
"1379","PDE7B"
"1380","MACF1"
"1381","SOS2"
"1382","SAMD9"
"1383","PHACTR2"
"1384","SCAMP1"
"1385","CD63"
"1386","GUCY1A2"
"1387","KLHL13"
"1388","EPHB6"
"1389","NEK7"
"1390","ENG"
"1391","MSX2"
"1392","SRSF6"
"1393","APBB2"
"1394","PCP4"
"1395","PPT2"
"1396","TSPO"
"1397","ACAA1"
"1398","HLA-DRB"
"1399","WBP2"
"1400","LLGL1"
"1401","JAML"
"1402","COPS7A"
"1403","PDXK"
"1404","SNCB"
"1405","NDUFB2"
"1406","TRPV5"
"1407","PI4K2A"
"1408","SLC16A1"
"1409","CAT"
"1410","GALNT6"
"1411","LDHB"
"1412","CXCR1"
"1413","STK26"
"1414","BEX2"
"1415","B3GNT5"
"1416","CHAT"
"1417","SOAT1"
"1418","HSPA2"
"1419","API5"
"1420","ABCC1"
"1421","FOXA1"
"1422","CDX2"
"1423","NDUFS8"
"1424","DGLUCY"
"1425","SIPA1L1"
"1426","GNA14"
"1427","TFEB"
"1428","AP3M1"
"1429","CD46"
"1430","DYRK1A"
"1431","CAMK2B"
"1432","FANCG"
"1433","SPANXB1"
"1434","PHC3"
"1435","LPCAT2"
"1436","PCSK5"
"1437","NFYC"
"1438","OPRD1"
"1439","LMF2"
"1440","E2F1"
"1441","C9"
"1442","LPIN2"
"1443","MCAT"
"1444","CACNG3"
"1445","CTSG"
"1446","TSPAN5"
"1447","RAPGEF5"
"1448","SLC6A1"
"1449","CSF2RB"
"1450","ADD1"
"1451","VPS35L"
"1452","SNRNP200"
"1453","HBEGF"
"1454","CD28"
"1455","RBM22"
"1456","SPHK1"
"1457","SLC11A1"
"1458","WNT3A"
"1459","CD82"
"1460","ACTL6A"
"1461","C3"
"1462","BHLHE40"
"1463","TACR1"
"1464","SEL1L"
"1465","DYNC1I1"
"1466","MAP3K14"
"1467","HSP90AA1"
"1468","TRAM1"
"1469","DLG3"
"1470","PTPN11"
"1471","MAN2A1"
"1472","OTUD5"
"1473","KRT7"
"1474","NPR1"
"1475","MAP3K2"
"1476","PTPN5"
"1477","GRIN1"
"1478","VSNL1"
"1479","BRD2"
"1480","NIT2"
"1481","UBA6"
"1482","IBSP"
"1483","MGAT4A"
"1484","MZT2A/B"
"1485","ACKR1"
"1486","PGM1"
"1487","RGS13"
"1488","KDR"
"1489","PPP3CA"
"1490","RALA"
"1491","DOCK8"
"1492","PIAS3"
"1493","DVL2"
"1494","CENPK"
"1495","CD48"
"1496","USP15"
"1497","MYD88"
"1498","NTN3"
"1499","PPP1R12C"
"1500","PTGDR2"
"1501","KLRC1/2"
"1502","PTPN2"
"1503","UBE2E2"
"1504","PPP1R12B"
"1505","CDK19"
"1506","SMURF2"
"1507","CCR4"
"1508","MCM2"
"1509","TLE3"
"1510","KRT6B"
"1511","NUP54"
"1512","SPTA1"
"1513","CEP57"
"1514","MTHFD2"
"1515","KCNE1"
"1516","LAMP3"
"1517","TRIM13"
"1518","IL32"
"1519","PYCR2"
"1520","DHX8"
"1521","GTF2H1"
"1522","KIF2C"
"1523","PPP3R2"
"1524","SFRP2"
"1525","CXXC1"
"1526","CAMK1D"
"1527","IL19"
"1528","COL4A3"
"1529","IRS1"
"1530","GABRG3"
"1531","REV3L"
"1532","CD99"
"1533","VAT1"
"1534","CD109"
"1535","ERAP2"
"1536","NPLOC4"
"1537","HCAR3"
"1538","ADH1A"
"1539","RFC5"
"1540","IGLV3-21"
"1541","NUP188"
"1542","MEAF6"
"1543","GAA"
"1544","PALMD"
"1545","TK1"
"1546","MYO5B"
"1547","CPT1A"
"1548","MAPK9"
"1549","NECAP1"
"1550","FEZ2"
"1551","CRHR2"
"1552","RYR2"
"1553","MYH9"
"1554","CSNK2A2"
"1555","ACAD9"
"1556","RNF144B"
"1557","RASAL3"
"1558","CHRM5"
"1559","LGALS3"
"1560","AHCTF1"
"1561","KIF3A"
"1562","FGFR4"
"1563","NUP88"
"1564","CD79B"
"1565","SNRPN"
"1566","CACNB3"
"1567","SYCP1"
"1568","ATP7A"
"1569","DLX5"
"1570","ANGPTL3"
"1571","CS"
"1572","TMEFF2"
"1573","MAGED1"
"1574","MSLN"
"1575","CHTF8"
"1576","FEZ1"
"1577","UCP2"
"1578","PSMD4"
"1579","HAND2"
"1580","H3C2"
"1581","MEF2C"
"1582","INHBA"
"1583","ANAPC5"
"1584","STK11"
"1585","TGOLN2"
"1586","RANGAP1"
"1587","CD24"
"1588","ATG12"
"1589","GRIA1"
"1590","FGR"
"1591","LRSAM1"
"1592","PAX3"
"1593","KRAS"
"1594","CRTC1"
"1595","ADRA1D"
"1596","POLR1A"
"1597","PINK1"
"1598","GZMK"
"1599","VMP1"
"1600","PICALM"
"1601","ING3"
"1602","BCL2L2"
"1603","CX3CR1"
"1604","PSMD8"
"1605","LIFR"
"1606","CBR4"
"1607","SHARPIN"
"1608","JMJD6"
"1609","GLDN"
"1610","LAPTM5"
"1611","TFF3"
"1612","DERA"
"1613","PSMD11"
"1614","CDK1"
"1615","CDKN1A"
"1616","CD93"
"1617","AP1S3"
"1618","MFN2"
"1619","GLG1"
"1620","STK24"
"1621","JAK1"
"1622","MCTP1"
"1623","HCAR2"
"1624","SMARCC1"
"1625","CCL19"
"1626","BSG"
"1627","CDK2"
"1628","TP53BP1"
"1629","NLGN4X"
"1630","MAP3K4"
"1631","GCA"
"1632","ABI1"
"1633","WBP11"
"1634","TNRC6A"
"1635","IKZF2"
"1636","SESN3"
"1637","IFNA6"
"1638","ELK4"
"1639","TTC30A"
"1640","IKZF1"
"1641","FCGR2B"
"1642","SIKE1"
"1643","ATG10"
"1644","MLKL"
"1645","EREG"
"1646","NAV3"
"1647","MAN1B1"
"1648","TFDP1"
"1649","CNR2"
"1650","KLF2"
"1651","BMPR1A"
"1652","TRIM41"
"1653","PSMB5"
"1654","SESN1"
"1655","GPAT3"
"1656","PLIN4"
"1657","MAPK13"
"1658","PIGR"
"1659","HES1"
"1660","MYLK3"
"1661","PREX1"
"1662","ITGB8"
"1663","PALM"
"1664","YY1"
"1665","MZT1"
"1666","BRD7"
"1667","SFXN1"
"1668","IRAK4"
"1669","CD160"
"1670","PLSCR1"
"1671","KDM3B"
"1672","PHLPP1"
"1673","PLD2"
"1674","S100A1"
"1675","TFRC"
"1676","SYF2"
"1677","SH3BP5"
"1678","IL6ST"
"1679","LRP6"
"1680","RAD50"
"1681","IMPDH1"
"1682","ANKLE2"
"1683","SF3B2"
"1684","EP300"
"1685","LMBR1L"
"1686","FOSB"
"1687","AGPAT3"
"1688","CUL4A"
"1689","VKORC1"
"1690","GSTM4"
"1691","BCL6"
"1692","CLTB"
"1693","TAF7"
"1694","FXYD6"
"1695","NAPSA"
"1696","ROR2"
"1697","ROBO2"
"1698","ABRAXAS2"
"1699","MADCAM1"
"1700","GTF2F2"
"1701","FCGR1A/BP"
"1702","MBNL3"
"1703","ABCC3"
"1704","KYNU"
"1705","CACNA2D3"
"1706","CNR1"
"1707","RHOBTB1"
"1708","DOK3"
"1709","BATF"
"1710","GALR1"
"1711","MIGA2"
"1712","MAU2"
"1713","FCER2"
"1714","AQP4"
"1715","MAP1LC3B"
"1716","IGHD"
"1717","C4BPA"
"1718","TGFBR3"
"1719","GZMM"
"1720","ATF6B"
"1721","SNRPD3"
"1722","PTGDR"
"1723","PLOD3"
"1724","NBN"
"1725","GABRB1"
"1726","PTTG1"
"1727","ENDOG"
"1728","MSRB3"
"1729","PTAFR"
"1730","SESTD1"
"1731","PTPN7"
"1732","SOX4"
"1733","CAP1"
"1734","IPO5"
"1735","KCNAB1"
"1736","GNAO1"
"1737","KLHL42"
"1738","DSG3"
"1739","CPNE3"
"1740","WNT3"
"1741","HMGN5"
"1742","ZBP1"
"1743","DAAM1"
"1744","MYO1D"
"1745","NPL"
"1746","WT1"
"1747","SLC4A4"
"1748","DKK2"
"1749","ADCY5"
"1750","NUMB"
"1751","NTM"
"1752","GPR151"
"1753","ULBP1"
"1754","MCM6"
"1755","SHOC2"
"1756","TGIF2"
"1757","COL24A1"
"1758","DHX38"
"1759","CHMP3"
"1760","COPS2"
"1761","UBA2"
"1762","ELF3"
"1763","ENO1"
"1764","FLNA"
"1765","ICAM1"
"1766","HSPA8"
"1767","MT1G"
"1768","THBS4"
"1769","VCL"
"1770","NID2"
"1771","SETBP1"
"1772","WWTR1"
"1773","EFEMP2"
"1774","P2RY11"
"1775","GALM"
"1776","GPR37"
"1777","ORC3"
"1778","GLP2R"
"1779","GATAD2A"
"1780","PODXL2"
"1781","PLEKHA6"
"1782","FMNL3"
"1783","HSP90B1"
"1784","FSTL1"
"1785","ITGA7"
"1786","PPP2R2C"
"1787","MMRN2"
"1788","CCNA2"
"1789","SHPRH"
"1790","PTPRN2"
"1791","PHLDA2"
"1792","ABCD1"
"1793","MLH1"
"1794","FBXL13"
"1795","OSBPL2"
"1796","STAT2"
"1797","PRDX6"
"1798","STARD10"
"1799","MCOLN1"
"1800","IFITM2"
"1801","RIGI"
"1802","STMN1"
"1803","THBS1"
"1804","URAD"
"1805","RAB40B"
"1806","CPLX1"
"1807","PIP5K1C"
"1808","RFC1"
"1809","TAF6L"
"1810","ATP2B2"
"1811","PIN1"
"1812","FGF23"
"1813","SKAP2"
"1814","RBBP7"
"1815","IQGAP1"
"1816","TNFAIP3"
"1817","CCNE2"
"1818","NDE1"
"1819","SNX18"
"1820","DDR2"
"1821","HDC"
"1822","CCNB1"
"1823","RNF214"
"1824","EIF3A"
"1825","NCF2"
"1826","ETV6"
"1827","PRIM2"
"1828","ELP4"
"1829","CREB3L1"
"1830","ERG28"
"1831","COPS4"
"1832","CAMK2G"
"1833","DES"
"1834","RECQL"
"1835","EPHA2"
"1836","CAMTA1"
"1837","ECI1"
"1838","PHF20"
"1839","MED13L"
"1840","ANAPC4"
"1841","LEPROT"
"1842","SERPINB6"
"1843","IGF1R"
"1844","OSER1"
"1845","FRYL"
"1846","FBXW11"
"1847","NUP155"
"1848","DHCR24"
"1849","DFFA"
"1850","HAUS1"
"1851","ATF2"
"1852","TCIRG1"
"1853","CCL3"
"1854","PNPLA7"
"1855","IL17D"
"1856","SNCG"
"1857","ARSB"
"1858","HES5"
"1859","HNF1B"
"1860","TFF1"
"1861","KBTBD8"
"1862","LRPAP1"
"1863","MEFV"
"1864","TNFRSF13C"
"1865","RNF111"
"1866","LUM"
"1867","HLA-DQB1"
"1868","SPI1"
"1869","CASP9"
"1870","HTR7"
"1871","S100A6"
"1872","USP9X"
"1873","MASP1"
"1874","ADAM15"
"1875","CACNG6"
"1876","H2AZ1"
"1877","FABP3"
"1878","TECR"
"1879","PML"
"1880","MAPKAPK5"
"1881","EIF4H"
"1882","IGFBP5"
"1883","LNX1"
"1884","EPB41"
"1885","AGPAT5"
"1886","MBIP"
"1887","ARPP21"
"1888","SSR2"
"1889","SCN5A"
"1890","ALAD"
"1891","SCGB2A2"
"1892","AGER"
"1893","RIPK3"
"1894","TICAM2"
"1895","SDHB"
"1896","USP22"
"1897","COL5A1"
"1898","SLC2A4"
"1899","SOX17"
"1900","EFNA2"
"1901","PARD3"
"1902","PMEL"
"1903","GZMB"
"1904","THY1"
"1905","RNF19B"
"1906","IZUMO1"
"1907","RNF5"
"1908","VPS37B"
"1909","ARHGEF12"
"1910","MED30"
"1911","EXTL3"
"1912","AGL"
"1913","CAPN1"
"1914","HGSNAT"
"1915","GPM6B"
"1916","GK"
"1917","CPSF7"
"1918","CCL23"
"1919","PRDX3"
"1920","PIDD1"
"1921","RPN1"
"1922","AREL1"
"1923","B3GNT7"
"1924","PDCD4"
"1925","NCOA3"
"1926","PPP1R15A"
"1927","SH3TC2"
"1928","TMEM161A"
"1929","PDS5B"
"1930","ZEB1"
"1931","MAPK11"
"1932","RAB7A"
"1933","ADGRL3"
"1934","PPP2CB"
"1935","SEC24D"
"1936","RORB"
"1937","IL6"
"1938","NSL1"
"1939","SIN3A"
"1940","ACTR1B"
"1941","MOSMO"
"1942","SMARCA5"
"1943","PRMT7"
"1944","WNT5A"
"1945","NFE2L2"
"1946","F10"
"1947","HDAC10"
"1948","SRSF5"
"1949","MSN"
"1950","CLEC12A"
"1951","ENTPD2"
"1952","DTL"
"1953","LCP2"
"1954","RASGRP1"
"1955","STRAP"
"1956","SMPD2"
"1957","PRTN3"
"1958","GAP43"
"1959","CDON"
"1960","CSNK1E"
"1961","APRT"
"1962","LANCL1"
"1963","ADIPOR2"
"1964","TRAC"
"1965","FBXL4"
"1966","TNFSF9"
"1967","KDM4B"
"1968","GAGE1"
"1969","LIMK2"
"1970","POM121"
"1971","PPIF"
"1972","ANTXR2"
"1973","MAPK3"
"1974","AKT3"
"1975","SUPT20H"
"1976","MAP4K4"
"1977","LRCH1"
"1978","ROMO1"
"1979","MICA"
"1980","CXADR"
"1981","CD244"
"1982","DGKB"
"1983","ARFGAP1"
"1984","NISCH"
"1985","STMN4"
"1986","ATP6V1D"
"1987","BAX"
"1988","RNF216"
"1989","PDK1"
"1990","ATG16L1"
"1991","MAGEC2"
"1992","SLC17A5"
"1993","RBL1"
"1994","FBXO33"
"1995","CCDC88A"
"1996","NPAS2"
"1997","NCAN"
"1998","CPPED1"
"1999","FN1"
"2000","MMP3"
"2001","ULK2"
"2002","GATA1"
"2003","APAF1"
"2004","CEACAM6"
"2005","SPX"
"2006","ESRRB"
"2007","CAVIN2"
"2008","LDHA"
"2009","UBE2L3"
"2010","BRWD1"
"2011","USP3"
"2012","HSP90AB1"
"2013","CAPG"
"2014","TPR"
"2015","NAGA"
"2016","GRIA4"
"2017","TKT"
"2018","MAGEA4"
"2019","EFNA1"
"2020","GNA13"
"2021","COL11A1"
"2022","PCMTD2"
"2023","TICAM1"
"2024","MMP12"
"2025","KMT2D"
"2026","CTSC"
"2027","ORC2"
"2028","CUL2"
"2029","RPA2"
"2030","P3H3"
"2031","BANF1"
"2032","BCL2"
"2033","CWF19L2"
"2034","CPT1B"
"2035","CA3"
"2036","HLF"
"2037","MAGI1"
"2038","CD19"
"2039","CPNE1"
"2040","PPP2R5C"
"2041","ZNF750"
"2042","EIF3J"
"2043","SRSF2"
"2044","PSEN2"
"2045","TBX21"
"2046","HLA-G"
"2047","MPZL1"
"2048","DACH2"
"2049","ABCC8"
"2050","GRB2"
"2051","BRCA1"
"2052","VAC14"
"2053","IGKC"
"2054","ESYT2"
"2055","SSTR3"
"2056","SIL1"
"2057","CALM3"
"2058","OGA"
"2059","CERS4"
"2060","NLGN4Y"
"2061","TRAFD1"
"2062","PROX1"
"2063","NR1H2"
"2064","PPA1"
"2065","FGF22"
"2066","MFN1"
"2067","OLFM1"
"2068","GDNF"
"2069","KRT6C"
"2070","DAB1"
"2071","NGFR"
"2072","GPX7"
"2073","NCOA1"
"2074","PPP3R1"
"2075","TIAM2"
"2076","DDX39A"
"2077","CDC20"
"2078","MFSD8"
"2079","SPRED1"
"2080","TENM2"
"2081","CACNA2D4"
"2082","RAB31"
"2083","LRP4"
"2084","PRND"
"2085","SYNE1"
"2086","CERS6"
"2087","RAB27A"
"2088","FBN1"
"2089","FUCA2"
"2090","OSBP"
"2091","SPC24"
"2092","GPR17"
"2093","BARD1"
"2094","CARMIL1"
"2095","OLR1"
"2096","TKFC"
"2097","EGLN3"
"2098","TOM1"
"2099","MAOB"
"2100","HLCS"
"2101","FGA"
"2102","JADE2"
"2103","PLA2G3"
"2104","CLEC7A"
"2105","CPE"
"2106","ID4"
"2107","CHIT1"
"2108","PLXNC1"
"2109","DNAH7"
"2110","LDB2"
"2111","AMER1"
"2112","ETV7"
"2113","GARNL3"
"2114","PARP4"
"2115","CERT1"
"2116","GIT1"
"2117","EXOG"
"2118","ARPC4"
"2119","QSOX1"
"2120","NOS1AP"
"2121","CHRM2"
"2122","ADAM10"
"2123","CEACAM1"
"2124","RXFP4"
"2125","LAPTM4A"
"2126","RNF130"
"2127","KCNA2"
"2128","NDUFAF6"
"2129","EXOSC1"
"2130","RASSF5"
"2131","CEP63"
"2132","TCF4"
"2133","PSMB7"
"2134","TCERG1"
"2135","VEGFD"
"2136","PDGFRB"
"2137","ATP6AP2"
"2138","ETV4"
"2139","COTL1"
"2140","ACTR1A"
"2141","MAP7"
"2142","LOC728392"
"2143","SUPT4H1"
"2144","COX6C"
"2145","PTPRO"
"2146","TALDO1"
"2147","PRDM16"
"2148","SLC25A1"
"2149","PA2G4"
"2150","NUP62"
"2151","RAD51"
"2152","PRKD1"
"2153","CCNB3"
"2154","AMOTL2"
"2155","WSCD1"
"2156","KANSL1"
"2157","NFKBIZ"
"2158","PBX1"
"2159","DRD1"
"2160","RBMS1"
"2161","CCL21"
"2162","TNFAIP8"
"2163","MFAP2"
"2164","HDAC9"
"2165","TINF2"
"2166","DNAJC10"
"2167","ATP1A3"
"2168","PAPSS2"
"2169","GLRA2"
"2170","MXI1"
"2171","CDH10"
"2172","HPX"
"2173","PECR"
"2174","MAGEA3/6"
"2175","ECHS1"
"2176","RNASE1"
"2177","UFM1"
"2178","PIKFYVE"
"2179","CD1B"
"2180","CLIP1"
"2181","MTA1"
"2182","PTPRK"
"2183","ARF3"
"2184","SERPINA3"
"2185","CCRL2"
"2186","IFNW1"
"2187","DTX3L"
"2188","CFL2"
"2189","IL11RA"
"2190","NIPBL"
"2191","HEY2"
"2192","PPIL4"
"2193","MALT1"
"2194","VEGFA"
"2195","CCDC80"
"2196","CCR5"
"2197","RTN4R"
"2198","FASLG"
"2199","SPG21"
"2200","GM2A"
"2201","POLD1"
"2202","DGKH"
"2203","PTPRE"
"2204","CHI3L1"
"2205","RSPO2"
"2206","AGTPBP1"
"2207","DGKZ"
"2208","APPL1"
"2209","TNF"
"2210","KCNQ3"
"2211","MRC2"
"2212","EPB41L5"
"2213","PRDX1"
"2214","TNFRSF1A"
"2215","TRIM65"
"2216","PHF14"
"2217","B4GALT1"
"2218","PTGDS"
"2219","PSMC3"
"2220","HUS1"
"2221","CYGB"
"2222","LILRA1"
"2223","TNFRSF17"
"2224","NOSIP"
"2225","BDH1"
"2226","ST18"
"2227","PRKAB1"
"2228","WNT2"
"2229","NDUFS3"
"2230","SNCA"
"2231","GRID1"
"2232","FOXP1"
"2233","ALKAL2"
"2234","YJU2B"
"2235","CXCL13"
"2236","PSMA2"
"2237","ATP6V1A"
"2238","CYTH1"
"2239","P2RY8"
"2240","P2RX7"
"2241","FAM3A"
"2242","KLF3"
"2243","KAT6B"
"2244","PRDM1"
"2245","ERCC2"
"2246","FOXO1"
"2247","TAB1"
"2248","COBLL1"
"2249","ACO2"
"2250","PLPP6"
"2251","NR3C1"
"2252","PYROXD1"
"2253","JADE1"
"2254","COPS8"
"2255","ITGB3BP"
"2256","GPD2"
"2257","SV2C"
"2258","AHCYL1"
"2259","GRB7"
"2260","ATP6V1E1"
"2261","KLHL5"
"2262","PAX5"
"2263","IL24"
"2264","KBTBD2"
"2265","TLR2"
"2266","RAB37"
"2267","MED29"
"2268","COX7C"
"2269","CACNB4"
"2270","ELAVL1"
"2271","SLC38A1"
"2272","SPDEF"
"2273","CYTH2"
"2274","TREM2"
"2275","FBLN2"
"2276","DNAJA2"
"2277","CORO1C"
"2278","NME7"
"2279","PRPF6"
"2280","NECTIN4"
"2281","IRAG2"
"2282","VAV3"
"2283","FHIT"
"2284","ITPR1"
"2285","AKAP13"
"2286","TEAD2"
"2287","MDM2"
"2288","CETN2"
"2289","NPC1L1"
"2290","GPR37L1"
"2291","NPR3"
"2292","CCBE1"
"2293","AGTR1"
"2294","SENP2"
"2295","VEGFC"
"2296","PAK3"
"2297","EPC1"
"2298","CNTRL"
"2299","LAIR1"
"2300","NDUFB10"
"2301","SIGIRR"
"2302","NOX1"
"2303","SUN2"
"2304","ADGRE2"
"2305","TNFSF8"
"2306","GFAP"
"2307","AP2A1"
"2308","WDPCP"
"2309","TRAF5"
"2310","AFP"
"2311","WNT10A"
"2312","NFKBIA"
"2313","PTPN12"
"2314","CSF3"
"2315","IFNAR2"
"2316","POLR2C"
"2317","ADH6"
"2318","GPM6A"
"2319","ALDOB"
"2320","ATG4A"
"2321","DNAJB12"
"2322","PDCD1LG2"
"2323","FANCC"
"2324","FLT3LG"
"2325","SPOCK2"
"2326","D2HGDH"
"2327","TLR9"
"2328","NAT8L"
"2329","CARTPT"
"2330","PRAP1"
"2331","NAV2"
"2332","FHL2"
"2333","HAUS2"
"2334","ZBTB37"
"2335","FCGBP"
"2336","GBP2"
"2337","RACK1"
"2338","DGKA"
"2339","VPS35"
"2340","APOD"
"2341","ACOT12"
"2342","ZHX2"
"2343","TCN2"
"2344","SAMHD1"
"2345","ADGRF5"
"2346","TNFSF14"
"2347","CIR1"
"2348","PRKAR2B"
"2349","HACD4"
"2350","SYNPO2"
"2351","CIB2"
"2352","CRK"
"2353","SUZ12"
"2354","PDLIM1"
"2355","LRRFIP1"
"2356","LARP1"
"2357","TXNL4A"
"2358","FANCE"
"2359","CACNA1A"
"2360","PF4"
"2361","PLPP1"
"2362","SELENBP1"
"2363","DIABLO"
"2364","IL3RA"
"2365","SNW1"
"2366","CENPX"
"2367","RBM12B"
"2368","CTSL"
"2369","CAMP"
"2370","PLCG2"
"2371","TUBA3C"
"2372","CAPZB"
"2373","PTK6"
"2374","ANAPC15"
"2375","SPG11"
"2376","NFE2"
"2377","MCL1"
"2378","DKC1"
"2379","UQCRC1"
"2380","CCL18"
"2381","RCOR1"
"2382","EIF2B4"
"2383","SNRNP70"
"2384","GHRHR"
"2385","OARD1"
"2386","CNTN4"
"2387","MMP11"
"2388","FGF2"
"2389","MRPS31"
"2390","AVEN"
"2391","IHH"
"2392","SHC2"
"2393","SLC25A4"
"2394","CNIH4"
"2395","HTR1A"
"2396","PLSCR4"
"2397","RAB10"
"2398","OSM"
"2399","PON2"
"2400","ADAM8"
"2401","SUPT7L"
"2402","TRAF2"
"2403","POLR3G"
"2404","SELP"
"2405","TLR8"
"2406","SH3GLB1"
"2407","COL7A1"
"2408","LINGO1"
"2409","MCRS1"
"2410","TRAV29DV5"
"2411","SALL3"
"2412","HEBP2"
"2413","TIE1"
"2414","IDS"
"2415","SLCO1A2"
"2416","MKI67"
"2417","RHOC"
"2418","EIF2AK1"
"2419","HGS"
"2420","IL36G"
"2421","FGF1"
"2422","SH3GL2"
"2423","MAS1"
"2424","PTPN18"
"2425","WNT7B"
"2426","PCLO"
"2427","FAAH2"
"2428","CALCB"
"2429","PARK7"
"2430","IL36A"
"2431","PIK3AP1"
"2432","SPRY2"
"2433","MCAM"
"2434","ATP11B"
"2435","CDC37L1"
"2436","KRT8"
"2437","MAP3K13"
"2438","PDE4D"
"2439","SNAI1"
"2440","ACKR4"
"2441","CLN3"
"2442","STAG2"
"2443","CACNG4"
"2444","DERL3"
"2445","PRR5L"
"2446","PDE5A"
"2447","KDM3A"
"2448","ALPK1"
"2449","THBS2"
"2450","DYNC1LI1"
"2451","RAB11B"
"2452","H3C10"
"2453","CIITA"
"2454","ESAM"
"2455","SRPRB"
"2456","RGL1"
"2457","SURF4"
"2458","KMT5A"
"2459","HCFC1R1"
"2460","TPH2"
"2461","CLMP"
"2462","IL18"
"2463","RPTOR"
"2464","HAVCR2"
"2465","CACNA2D2"
"2466","PRELID2"
"2467","MAGEB2"
"2468","CTBP2"
"2469","ACAT2"
"2470","RASGRF1"
"2471","WSB1"
"2472","ITGA4"
"2473","PRPF31"
"2474","HIP1"
"2475","RXRG"
"2476","DEFB1"
"2477","MGLL"
"2478","EDIL3"
"2479","MAP2K1"
"2480","XIAP"
"2481","ADGRA2"
"2482","DUSP5"
"2483","PDIA6"
"2484","ACLY"
"2485","RASGEF1B"
"2486","DLD"
"2487","WIPF2"
"2488","EVI5"
"2489","ZFHX4"
"2490","DDAH2"
"2491","TFB1M"
"2492","PITPNM2"
"2493","YTHDF2"
"2494","ENO2"
"2495","HEXB"
"2496","HOXC8"
"2497","POLR1C"
"2498","SIRPB2"
"2499","PIM1"
"2500","SEC23A"
"2501","SPR"
"2502","AMH"
"2503","TNN"
"2504","ABCA5"
"2505","HR"
"2506","ELF4"
"2507","TFF2"
"2508","CCL15"
"2509","TEX264"
"2510","C6"
"2511","APOL6"
"2512","LMO4"
"2513","CHMP6"
"2514","CFD"
"2515","HGF"
"2516","CSTA"
"2517","IRF3"
"2518","PTK2"
"2519","SLC39A8"
"2520","ANK1"
"2521","SNRPB2"
"2522","PDGFA"
"2523","CER1"
"2524","C5AR1"
"2525","SLC2A6"
"2526","NDUFB7"
"2527","RNF121"
"2528","IL5RA"
"2529","DDX43"
"2530","NFAM1"
"2531","RAP1B"
"2532","PTPRN"
"2533","PADI2"
"2534","ICAM2"
"2535","OSBPL10"
"2536","SREBF2"
"2537","USO1"
"2538","ASB7"
"2539","NPY1R"
"2540","NRCAM"
"2541","KIF22"
"2542","AGO3"
"2543","LBR"
"2544","PSIP1"
"2545","MGAT4C"
"2546","GNG12"
"2547","DZIP1"
"2548","GNS"
"2549","DOK6"
"2550","PGS1"
"2551","MC5R"
"2552","UBE2L6"
"2553","NFKB1"
"2554","RARB"
"2555","ACVRL1"
"2556","PPP2R5E"
"2557","STXBP3"
"2558","AKT1"
"2559","HLA-DMA"
"2560","CACNA2D1"
"2561","DNASE2"
"2562","GSDMD"
"2563","KAT2B"
"2564","COL9A2"
"2565","DNAJC7"
"2566","RBX1"
"2567","NDUFS4"
"2568","PPL"
"2569","MAPK8"
"2570","TPPP"
"2571","DR1"
"2572","MEF2A"
"2573","TRAPPC1"
"2574","MFAP4"
"2575","CRP"
"2576","DHH"
"2577","TMEM30A"
"2578","NDUFA8"
"2579","ACE"
"2580","MAML2"
"2581","APIP"
"2582","FLOT2"
"2583","HIPK2"
"2584","TUBA1C"
"2585","ZSWIM6"
"2586","TLE4"
"2587","RAF1"
"2588","RNF19A"
"2589","IFIT1"
"2590","CKAP4"
"2591","UBE2Q2"
"2592","ANGPTL2"
"2593","FGF14"
"2594","CXCL8"
"2595","MXRA8"
"2596","CNTN2"
"2597","ZWINT"
"2598","PSMD1"
"2599","HERPUD2"
"2600","STAR"
"2601","PKMYT1"
"2602","PLA2G4F"
"2603","MSL1"
"2604","TNXA/B"
"2605","RABEP1"
"2606","CCN2"
"2607","ACVR2B"
"2608","ARHGEF18"
"2609","CTBP1"
"2610","NCK1"
"2611","ELOB"
"2612","TIMP1"
"2613","PDGFB"
"2614","IKBKB"
"2615","AQP9"
"2616","CLEC1A"
"2617","PSMD12"
"2618","SSTR1"
"2619","UPP1"
"2620","PI4KA"
"2621","ABI3BP"
"2622","UBE2G2"
"2623","AP4B1"
"2624","TAB3"
"2625","SOX6"
"2626","CALM2"
"2627","CALCOCO2"
"2628","UNKL"
"2629","TRIM11"
"2630","SOX9"
"2631","TLX1"
"2632","SH3BGRL3"
"2633","RAB14"
"2634","SDC1"
"2635","POLR1D"
"2636","MPG"
"2637","NDUFC1"
"2638","MMP16"
"2639","SIAH1"
"2640","CYP46A1"
"2641","AURKA"
"2642","FBXO44"
"2643","PAK5"
"2644","NPTN"
"2645","FGF20"
"2646","SH3GLB2"
"2647","AMELX"
"2648","MAFA"
"2649","STX4"
"2650","A2M"
"2651","MUC4"
"2652","PPP6C"
"2653","LAMA1"
"2654","SYNGR1"
"2655","NHP2"
"2656","POLR3GL"
"2657","CACYBP"
"2658","ALDH1A3"
"2659","PDE7A"
"2660","APP"
"2661","PDE6B"
"2662","ENPP2"
"2663","ANO4"
"2664","GHR"
"2665","RASSF1"
"2666","MTNR1A"
"2667","PTS"
"2668","XRCC1"
"2669","MCM7"
"2670","FBXO31"
"2671","CRNKL1"
"2672","GDF3"
"2673","FGL2"
"2674","PPP2R2B"
"2675","CHD4"
"2676","QRFPR"
"2677","SMAD3"
"2678","CTSS"
"2679","NDC80"
"2680","COX6B1"
"2681","KLHL20"
"2682","AP4E1"
"2683","KCNC2"
"2684","NELFE"
"2685","PLIN5"
"2686","VAMP5"
"2687","PIK3R4"
"2688","SMO"
"2689","CROT"
"2690","PSMC4"
"2691","RNF126"
"2692","SOD1"
"2693","IQSEC1"
"2694","CDKN3"
"2695","BAIAP3"
"2696","PLXNB3"
"2697","P2RX4"
"2698","SPARCL1"
"2699","BACH2"
"2700","CD96"
"2701","PHEX"
"2702","COL27A1"
"2703","ACADVL"
"2704","OLFML2B"
"2705","RIMKLB"
"2706","PRKRA"
"2707","AGPAT1"
"2708","LIPE"
"2709","SNAP25"
"2710","DACH1"
"2711","MYC"
"2712","AZGP1"
"2713","CORO1A"
"2714","SMPD3"
"2715","CSF2RA"
"2716","JUNB"
"2717","CCT2"
"2718","VPS26A"
"2719","ALDH3A1"
"2720","VKORC1L1"
"2721","PGRMC1"
"2722","IL11"
"2723","AGFG1"
"2724","CHEK1"
"2725","DCLK1"
"2726","SCRIB"
"2727","MLPH"
"2728","MID1IP1"
"2729","LILRB4"
"2730","TBC1D5"
"2731","DLGAP5"
"2732","RNASE6"
"2733","MYO5A"
"2734","FUT7"
"2735","CH25H"
"2736","BMP15"
"2737","TOMM22"
"2738","XPO1"
"2739","AR"
"2740","MME"
"2741","AFDN"
"2742","MAN1C1"
"2743","PTPN1"
"2744","PARN"
"2745","THRA"
"2746","GATM"
"2747","PSMD7"
"2748","DEPTOR"
"2749","PVR"
"2750","C1QTNF1"
"2751","TBC1D10C"
"2752","SFRP1"
"2753","APOB"
"2754","CASP1"
"2755","PCBP4"
"2756","MUSK"
"2757","MSRB2"
"2758","NUPR1"
"2759","GSTM5"
"2760","EMP1"
"2761","RFC2"
"2762","ATF1"
"2763","POLR3C"
"2764","NLRC3"
"2765","ELK1"
"2766","SLA"
"2767","ADPGK"
"2768","CDK12"
"2769","ERCC3"
"2770","SNX6"
"2771","PXDN"
"2772","CHMP4A"
"2773","GDF11"
"2774","YIF1A"
"2775","RASA2"
"2776","RGS2"
"2777","OXR1"
"2778","SPOCK1"
"2779","MS4A7"
"2780","PCK1"
"2781","MDK"
"2782","TGFBR2"
"2783","HCFC1"
"2784","MLEC"
"2785","SP100"
"2786","PFKP"
"2787","P2RX5"
"2788","UGGT2"
"2789","CDKN2C"
"2790","TLE1"
"2791","MAPK8IP1"
"2792","SPART"
"2793","CHMP5"
"2794","NPEPPS"
"2795","LNPEP"
"2796","VDAC3"
"2797","HSPA1A"
"2798","ADRA1B"
"2799","IFITM1"
"2800","APOA2"
"2801","GOT1"
"2802","VCAN"
"2803","MDH1"
"2804","CCP110"
"2805","NCBP1"
"2806","TMBIM1"
"2807","COL1A2"
"2808","NDUFAF7"
"2809","KCNMB4"
"2810","TNFRSF11B"
"2811","FKBP11"
"2812","XCL1/2"
"2813","ALDH1A1"
"2814","MPPED1"
"2815","OPA1"
"2816","DHRS4"
"2817","PRCC"
"2818","FAM177A1"
"2819","TNIK"
"2820","NLRP2"
"2821","ATP5F1C"
"2822","RBM17"
"2823","TNFRSF9"
"2824","PLK1"
"2825","SREBF1"
"2826","STAT3"
"2827","CLIC4"
"2828","MED31"
"2829","SETD2"
"2830","CASR"
"2831","ANAPC2"
"2832","GABPA"
"2833","CD1A"
"2834","OTX2"
"2835","LYAR"
"2836","PET117"
"2837","ARFGEF3"
"2838","SKP1"
"2839","EIF3I"
"2840","CSNK1D"
"2841","CDC7"
"2842","CEP290"
"2843","MEN1"
"2844","SMARCAD1"
"2845","HECTD3"
"2846","PUF60"
"2847","PNOC"
"2848","PADI4"
"2849","RYBP"
"2850","EHBP1L1"
"2851","CDK6"
"2852","ADRM1"
"2853","LAMTOR5"
"2854","PACRG"
"2855","MBTPS1"
"2856","SIVA1"
"2857","CAMK1"
"2858","KDM6B"
"2859","LMO2"
"2860","TPD52"
"2861","IGF1"
"2862","LOXL2"
"2863","YWHAE"
"2864","HEY1"
"2865","ABCB10"
"2866","WASHC4"
"2867","PRKAB2"
"2868","INVS"
"2869","NXT1"
"2870","C5"
"2871","GCLC"
"2872","TRIO"
"2873","SNX5"
"2874","COL18A1"
"2875","CCL5"
"2876","KCNJ11"
"2877","NLGN3"
"2878","PPIA"
"2879","WNT5B"
"2880","HIGD1B"
"2881","CLTCL1"
"2882","DSCAML1"
"2883","CAPZA2"
"2884","RGMB"
"2885","ID3"
"2886","COX10"
"2887","CCDC12"
"2888","PRC1"
"2889","SOX11"
"2890","HMGCLL1"
"2891","CXCL10"
"2892","WWOX"
"2893","FDX1"
"2894","RGS14"
"2895","ALDH3B1"
"2896","PDCD10"
"2897","MSH6"
"2898","NDUFAF2"
"2899","VAV1"
"2900","SLC23A2"
"2901","SLC7A5"
"2902","RSAD2"
"2903","BEX3"
"2904","SEMA3A"
"2905","SSBP3"
"2906","FNBP1"
"2907","PLAUR"
"2908","CCL13"
"2909","POLE"
"2910","ACVR2A"
"2911","EDEM2"
"2912","PI4K2B"
"2913","PLVAP"
"2914","EYA4"
"2915","MT1A"
"2916","PLAA"
"2917","IL2"
"2918","TTR"
"2919","HLX"
"2920","UBA3"
"2921","SMARCE1"
"2922","SHBG"
"2923","UCHL3"
"2924","EPN2"
"2925","GPNMB"
"2926","MARCKS"
"2927","GINS2"
"2928","KLHL22"
"2929","CRIP1"
"2930","GNAI1"
"2931","CD209"
"2932","ATRN"
"2933","PDZD8"
"2934","NEK9"
"2935","IL12RB1"
"2936","RPAIN"
"2937","IMMT"
"2938","SDS"
"2939","IL21R"
"2940","FOXA2"
"2941","SORL1"
"2942","NTN1"
"2943","KRT19"
"2944","PABPN1"
"2945","HDAC2"
"2946","FNIP2"
"2947","TARP"
"2948","TMPRSS2"
"2949","DMBT1"
"2950","DDC"
"2951","KIF23"
"2952","ELP5"
"2953","PDGFRA"
"2954","NR4A2"
"2955","TMEM25"
"2956","LAMA3"
"2957","BEST1"
"2958","ADAM17"
"2959","ATP5F1E"
"2960","AP3M2"
"2961","SERPINI1"
"2962","APBB1IP"
"2963","AP3B2"
"2964","HSPB1"
"2965","NOG"
"2966","POLK"
"2967","MLST8"
"2968","PIK3R3"
"2969","RAPGEF2"
"2970","SMTNL2"
"2971","ADAM28"
"2972","SLC25A24"
"2973","SHISA5"
"2974","TRIM39"
"2975","HIVEP1"
"2976","CD163"
"2977","LRP1"
"2978","MAP2"
"2979","DDB1"
"2980","SPP2"
"2981","PTGES2"
"2982","PSMD5"
"2983","LAMA4"
"2984","HSD3B7"
"2985","PPARA"
"2986","FKBP2"
"2987","UBE2H"
"2988","CD3E"
"2989","FAM120B"
"2990","TUBB4B"
"2991","RTKN2"
"2992","RAD52"
"2993","MAN1A2"
"2994","RAB24"
"2995","WIF1"
"2996","CDA"
"2997","MLF1"
"2998","IL1RAPL2"
"2999","FER"
"3000","IGFBP7"
"3001","PDE1C"
"3002","DYNLT1"
"3003","DDHD2"
"3004","ARID4A"
"3005","BTK"
"3006","SMC1A"
"3007","KIR2DL1/3"
"3008","SNAP29"
"3009","VAPB"
"3010","CCR3"
"3011","XBP1"
"3012","ERMP1"
"3013","RNF7"
"3014","PCTP"
"3015","MAPKBP1"
"3016","TNFRSF10C"
"3017","ABL1"
"3018","TUBGCP5"
"3019","NAT1"
"3020","CD8B"
"3021","SGMS1"
"3022","FCRLA"
"3023","VTCN1"
"3024","FOXP3"
"3025","CDT1"
"3026","PCCB"
"3027","GNAQ"
"3028","NRG1"
"3029","MMP14"
"3030","CD72"
"3031","GRIN2A"
"3032","COPS6"
"3033","TP53INP1"
"3034","OXCT1"
"3035","ICAM4"
"3036","LGALS2"
"3037","FBXO22"
"3038","ESR1"
"3039","SLC25A12"
"3040","POLR3A"
"3041","PTGS1"
"3042","CDC42BPB"
"3043","FBXL3"
"3044","TNFRSF10B"
"3045","ATG4D"
"3046","SHTN1"
"3047","CACNA1I"
"3048","KLF7"
"3049","ADGRL4"
"3050","TMTC4"
"3051","GORASP2"
"3052","PPIE"
"3053","FOXD3"
"3054","PFKFB3"
"3055","GIGYF2"
"3056","MGAT1"
"3057","ZFP36"
"3058","PDK3"
"3059","PMP22"
"3060","HERPUD1"
"3061","TSPAN32"
"3062","IL17RE"
"3063","TMEM163"
"3064","SAE1"
"3065","RETN"
"3066","MCEE"
"3067","IL22RA2"
"3068","MED9"
"3069","EFNB1"
"3070","TLR5"
"3071","CSF2"
"3072","RBBP4"
"3073","G6PD"
"3074","SYT11"
"3075","GAB2"
"3076","SFSWAP"
"3077","LMNB1"
"3078","SELENOW"
"3079","CXCL11"
"3080","FLT1"
"3081","NOS2"
"3082","MAGT1"
"3083","GNLY"
"3084","ANAPC16"
"3085","HEG1"
"3086","ERCC6"
"3087","FADS1"
"3088","RBMX"
"3089","SERINC1"
"3090","PDGFD"
"3091","POSTN"
"3092","PIK3CG"
"3093","ARPP19"
"3094","EDNRA"
"3095","LSM8"
"3096","YAP1"
"3097","MAPT"
"3098","SUCLG1"
"3099","NDUFA6"
"3100","CNTN5"
"3101","STARD13"
"3102","POLR3B"
"3103","AKAP10"
"3104","SIX1"
"3105","GADL1"
"3106","XRCC5"
"3107","USP4"
"3108","FLNB"
"3109","AGK"
"3110","RET"
"3111","CXCR2"
"3112","FUBP1"
"3113","LTN1"
"3114","NOL3"
"3115","ERBB3"
"3116","KRT15"
"3117","MS4A2"
"3118","KAT8"
"3119","GZMH"
"3120","HCK"
"3121","PIGF"
"3122","LRRC32"
"3123","SEM1"
"3124","WNT2B"
"3125","FBLN5"
"3126","CSNK2B"
"3127","PDE3B"
"3128","ACAP3"
"3129","ALDH7A1"
"3130","UTY"
"3131","IFNGR1"
"3132","UGGT1"
"3133","RAP1GAP"
"3134","IFNG"
"3135","HADHA"
"3136","PCYT2"
"3137","PLEKHA3"
"3138","SMARCA2"
"3139","LANCL2"
"3140","ADRB2"
"3141","TADA2A"
"3142","CTNND1"
"3143","CMA1"
"3144","RARA"
"3145","PDE3A"
"3146","ANPEP"
"3147","COX20"
"3148","GJA1"
"3149","CARD9"
"3150","C19orf12"
"3151","NCKAP1"
"3152","TMSB10"
"3153","INO80E"
"3154","PYY"
"3155","GAN"
"3156","UNC5C"
"3157","SELE"
"3158","RBM5"
"3159","DYNLL2"
"3160","ME2"
"3161","SHC4"
"3162","NRXN1"
"3163","EIF3C"
"3164","ITGAM"
"3165","DHRS2"
"3166","PPP2R5B"
"3167","CDK13"
"3168","TXNRD2"
"3169","ARX"
"3170","RHBDD1"
"3171","BRD8"
"3172","TLDC2"
"3173","TRBV7-9"
"3174","EDA"
"3175","MMP7"
"3176","KAT2A"
"3177","GPSM3"
"3178","ITGB2"
"3179","EXOC4"
"3180","CYP8B1"
"3181","STX12"
"3182","GRIK1"
"3183","EDN1"
"3184","OSBPL1A"
"3185","SH3GL3"
"3186","ZFP36L1"
"3187","TFPI"
"3188","ASPSCR1"
"3189","RRAS"
"3190","CLTA"
"3191","AVPR1A"
"3192","PRDM14"
"3193","TCAP"
"3194","TADA3"
"3195","CD53"
"3196","KDM5C"
"3197","GNPDA2"
"3198","WNT11"
"3199","KIFAP3"
"3200","MBD4"
"3201","CHCHD3"
"3202","ADH5"
"3203","RARRES2"
"3204","NCOA2"
"3205","ADPRM"
"3206","ESRRA"
"3207","CD274"
"3208","MTNR1B"
"3209","UBE2B"
"3210","DTNBP1"
"3211","KRT6A"
"3212","PCOLCE"
"3213","DCXR"
"3214","DPPA5"
"3215","TAX1BP1"
"3216","TNFRSF1B"
"3217","EGFR"
"3218","NUP153"
"3219","LAPTM4B"
"3220","RNF185"
"3221","BBC3"
"3222","SDHC"
"3223","HMGCS2"
"3224","SDCCAG8"
"3225","MAD1L1"
"3226","PSME1"
"3227","SSTR5"
"3228","IFI35"
"3229","ADAMTS5"
"3230","AICDA"
"3231","ZNF706"
"3232","SAMD8"
"3233","VTN"
"3234","SETDB2"
"3235","MAGOH"
"3236","WIPI2"
"3237","CLEC9A"
"3238","CENPP"
"3239","COX2"
"3240","RNF125"
"3241","SCCPDH"
"3242","PRPF38B"
"3243","AGA"
"3244","NMBR"
"3245","CD226"
"3246","SLC25A10"
"3247","ARL13B"
"3248","COL16A1"
"3249","ERLEC1"
"3250","TFPT"
"3251","ACER3"
"3252","BOC"
"3253","CHCHD6"
"3254","SRD5A3"
"3255","PRPF38A"
"3256","SPINT2"
"3257","MINPP1"
"3258","PMVK"
"3259","CXCL12"
"3260","ABAT"
"3261","BRD4"
"3262","ENTPD1"
"3263","NCOR1"
"3264","ARID1A"
"3265","IL1A"
"3266","CNOT6L"
"3267","PPIL2"
"3268","LY9"
"3269","THSD4"
"3270","PIP"
"3271","FOXO4"
"3272","UBASH3A"
"3273","RGCC"
"3274","NUP214"
"3275","POLR3E"
"3276","TAF11"
"3277","HTT"
"3278","BACE2"
"3279","PDAP1"
"3280","PLA2G1B"
"3281","PROM1"
"3282","IRF8"
"3283","TNKS2"
"3284","SLCO3A1"
"3285","CLEC4E"
"3286","HUWE1"
"3287","PRKAA1"
"3288","MIA"
"3289","CENPM"
"3290","CCL4"
"3291","HDAC7"
"3292","SAMD3"
"3293","TOMM40"
"3294","TIMP3"
"3295","CDH9"
"3296","ELP2"
"3297","KIR3DL2"
"3298","PPP1CC"
"3299","WDR59"
"3300","HADH"
"3301","LPGAT1"
"3302","IGLV1-40"
"3303","SIRT5"
"3304","ACP3"
"3305","TAF4"
"3306","STC1"
"3307","GAD1"
"3308","TRIM23"
"3309","HSPH1"
"3310","KCNH8"
"3311","CARD11"
"3312","CYP2R1"
"3313","BTBD1"
"3314","HEBP1"
"3315","RB1CC1"
"3316","P2RY10"
"3317","APOOL"
"3318","KLHL2"
"3319","PNPLA4"
"3320","LEO1"
"3321","DVL3"
"3322","CMKLR1"
"3323","TRIM27"
"3324","SGTA"
"3325","HSF1"
"3326","ATP11C"
"3327","CD74"
"3328","PRKCG"
"3329","SYP"
"3330","GNB4"
"3331","ATP2B1"
"3332","ATP2A3"
"3333","CETP"
"3334","CHEK2"
"3335","DECR2"
"3336","VIM"
"3337","ARHGAP10"
"3338","IL1RN"
"3339","PTEN"
"3340","CRLF1"
"3341","CHST11"
"3342","EIF2B5"
"3343","G6PC3"
"3344","RHEB"
"3345","CYP1B1"
"3346","SPO11"
"3347","CTSH"
"3348","BECN1"
"3349","EFNA4"
"3350","PTPRZ1"
"3351","SDF2L1"
"3352","PECAM1"
"3353","RBM47"
"3354","ABHD3"
"3355","CDH12"
"3356","SETD5"
"3357","MYLIP"
"3358","ASAH1"
"3359","REEP5"
"3360","PSME4"
"3361","SNN"
"3362","NRG2"
"3363","BIRC2"
"3364","EPHB4"
"3365","SOX10"
"3366","POLA1"
"3367","DNM3"
"3368","IL13"
"3369","MEG3"
"3370","EPS15L1"
"3371","CALD1"
"3372","TMEM37"
"3373","BRD1"
"3374","ORC5"
"3375","MBL2"
"3376","EGLN1"
"3377","GUCY1B2"
"3378","DCN"
"3379","IGLV4-69"
"3380","NOD1"
"3381","B4GALT6"
"3382","CDC25C"
"3383","PITPNB"
"3384","MYDGF"
"3385","DLAT"
"3386","DNMT3B"
"3387","WNT6"
"3388","HNRNPD"
"3389","RBP4"
"3390","ACOT9"
"3391","MAPK14"
"3392","BMP5"
"3393","HLA-DPB1"
"3394","OAT"
"3395","CXCL16"
"3396","PAFAH1B3"
"3397","CD22"
"3398","LPCAT4"
"3399","AIF1"
"3400","RAPGEF3"
"3401","RBM4"
"3402","PSMC2"
"3403","PRDX2"
"3404","TSG101"
"3405","CYSTM1"
"3406","WDR5"
"3407","IQGAP2"
"3408","WNT4"
"3409","CASP8"
"3410","MTF2"
"3411","PF4V1"
"3412","ACTR3B"
"3413","GFPT1"
"3414","EIF3D"
"3415","CLDN4"
"3416","HLA-DPA1"
"3417","MAPKAPK3"
"3418","RELT"
"3419","PPP2R5A"
"3420","NEUROG3"
"3421","ADRA1A"
"3422","NCSTN"
"3423","RAB22A"
"3424","MAX"
"3425","HERC5"
"3426","ALKBH3"
"3427","IGBP1"
"3428","PPP3CB"
"3429","KCNT2"
"3430","RING1"
"3431","KCNMA1"
"3432","PRLHR"
"3433","ARID2"
"3434","LPAR2"
"3435","FYN"
"3436","IL6R"
"3437","NOD2"
"3438","GPAM"
"3439","SIRT1"
"3440","RNF8"
"3441","NOP10"
"3442","HMOX1"
"3443","NDUFA10"
"3444","OAS2"
"3445","S100A9"
"3446","SRSF10"
"3447","MFAP1"
"3448","RNF213"
"3449","ORC4"
"3450","AXL"
"3451","ATXN3"
"3452","MBOAT7"
"3453","ETF1"
"3454","ECSIT"
"3455","CDC25B"
"3456","EIF4G3"
"3457","LAMC1"
"3458","RNF168"
"3459","FADS2"
"3460","FBN2"
"3461","TEK"
"3462","NNAT"
"3463","SH3KBP1"
"3464","ADRA2A"
"3465","AMBRA1"
"3466","APC"
"3467","LONRF1"
"3468","G0S2"
"3469","DNAJA1"
"3470","VTA1"
"3471","TBX3"
"3472","RNF4"
"3473","ITPR3"
"3474","GTF2B"
"3475","ILK"
"3476","ADM"
"3477","IL1RL1"
"3478","PLA2G2A"
"3479","CCNT1"
"3480","TBXAS1"
"3481","ARHGAP45"
"3482","RCC2"
"3483","GAPVD1"
"3484","CPA3"
"3485","CDK5RAP3"
"3486","CBR1"
"3487","CENPF"
"3488","CD33"
"3489","SV2B"
"3490","PRPF3"
"3491","PLPP5"
"3492","MIR4435-2HG"
"3493","NTSR2"
"3494","SIRT2"
"3495","VRK3"
"3496","WDR45B"
"3497","MED19"
"3498","RAD21"
"3499","OMG"
"3500","CHD6"
"3501","CTAG1A/B"
"3502","PTK2B"
"3503","SH2B2"
"3504","SPHK2"
"3505","GNAI3"
"3506","MC2R"
"3507","ZNF536"
"3508","BMP1"
"3509","LGALS9"
"3510","SGK1"
"3511","ACAA2"
"3512","NCF1"
"3513","WAPL"
"3514","RHOB"
"3515","AP1M1"
"3516","IFNL1"
"3517","AKIRIN1"
"3518","ODC1"
"3519","LAMA2"
"3520","CD207"
"3521","IL22RA1"
"3522","MDH2"
"3523","PODXL"
"3524","LITAF"
"3525","GGT5"
"3526","HMGCR"
"3527","WNT7A"
"3528","TNRC6B"
"3529","YARS1"
"3530","RUNX1"
"3531","ITGA1"
"3532","ATP1B3"
"3533","BCL11A"
"3534","AIRE"
"3535","CDK17"
"3536","NDUFA3"
"3537","GPR183"
"3538","OFD1"
"3539","IGLL5"
"3540","NMU"
"3541","RHNO1"
"3542","ARC"
"3543","CDH8"
"3544","ANGPT1"
"3545","C1QA"
"3546","EBI3"
"3547","CALML6"
"3548","PC"
"3549","NALCN"
"3550","SCD"
"3551","HACE1"
"3552","ITM2C"
"3553","GUCY1A1"
"3554","HACD3"
"3555","SEC22B"
"3556","MB"
"3557","PHF8"
"3558","MMP19"
"3559","EVL"
"3560","YWHAQ"
"3561","MANBA"
"3562","EIF4A1"
"3563","ATG3"
"3564","CEP192"
"3565","CD180"
"3566","CD200"
"3567","CLASP2"
"3568","UBE2W"
"3569","SERPINA1"
"3570","MTMR2"
"3571","TSC22D1"
"3572","SLC39A6"
"3573","CDH2"
"3574","SPAG9"
"3575","ATF4"
"3576","COBL"
"3577","RIOK3"
"3578","HMGB1"
"3579","CRKL"
"3580","RAB5C"
"3581","SPN"
"3582","CXCR5"
"3583","CD2"
"3584","EZR"
"3585","SORCS2"
"3586","TERF2IP"
"3587","MYO1E"
"3588","NSFL1C"
"3589","GPT"
"3590","PCK2"
"3591","STING1"
"3592","UBE2D2"
"3593","CARM1"
"3594","USP34"
"3595","UCN3"
"3596","VEGFB"
"3597","NSD2"
"3598","ABCB7"
"3599","CNTN1"
"3600","FBP1"
"3601","ASPA"
"3602","WDR70"
"3603","DIS3"
"3604","IFNA5"
"3605","UBE4A"
"3606","RASA1"
"3607","ARG1"
"3608","RBM14"
"3609","TNFRSF19"
"3610","DDT"
"3611","ZBTB20"
"3612","RRAGC"
"3613","GNG7"
"3614","BABAM2"
"3615","SFPQ"
"3616","DBI"
"3617","UNC79"
"3618","MAPK4"
"3619","SGF29"
"3620","ODF2"
"3621","RNF220"
"3622","ALDH9A1"
"3623","KDM1A"
"3624","SERPINC1"
"3625","MT1F"
"3626","CHMP4B"
"3627","NSUN6"
"3628","UNC93B1"
"3629","TRIM2"
"3630","PCYT1B"
"3631","TLR4"
"3632","IRF5"
"3633","KAT6A"
"3634","GPBAR1"
"3635","CHRNA4"
"3636","NASP"
"3637","PRKAA2"
"3638","AKT2"
"3639","TRAV19"
"3640","ADGRG6"
"3641","DNTT"
"3642","WASHC3"
"3643","FBXO5"
"3644","KIF2A"
"3645","NRP2"
"3646","FZD9"
"3647","MT2A"
"3648","RAD51C"
"3649","TJP2"
"3650","ELOVL5"
"3651","UBE2D4"
"3652","DPP7"
"3653","MUTYH"
"3654","STK25"
"3655","IL16"
"3656","DHX36"
"3657","UBE2J1"
"3658","CABLES1"
"3659","CNPY3"
"3660","C3AR1"
"3661","NDUFB5"
"3662","GDF6"
"3663","EDN3"
"3664","FBXO7"
"3665","EEA1"
"3666","GSK3A"
"3667","SPA17"
"3668","ADORA2B"
"3669","TRIM28"
"3670","PBK"
"3671","PAEP"
"3672","PILRA"
"3673","PRM1"
"3674","PRMT8"
"3675","CCNB2"
"3676","CHMP2B"
"3677","SLC1A5"
"3678","CXCL2"
"3679","CD99L2"
"3680","SERP2"
"3681","GBP5"
"3682","PTPRJ"
"3683","IER5"
"3684","CCL26"
"3685","EBP"
"3686","RCHY1"
"3687","MPC2"
"3688","MOB1A"
"3689","PDHA1"
"3690","PLP1"
"3691","TNFSF13B"
"3692","TNFSF18"
"3693","PRPF18"
"3694","CSNK2A1"
"3695","ATP6V0A1"
"3696","ADGRG1"
"3697","MED24"
"3698","MKNK2"
"3699","CCL28"
"3700","CLTC"
"3701","PDE10A"
"3702","VCP"
"3703","FGFR1"
"3704","EIF4E3"
"3705","MTMR10"
"3706","RUSC2"
"3707","DUSP3"
"3708","PISD"
"3709","WNT16"
"3710","ADA2"
"3711","WAS"
"3712","TAF10"
"3713","ABCA1"
"3714","IGLC1/2"
"3715","COL9A3"
"3716","GOT2"
"3717","PMS2"
"3718","ZYX"
"3719","PGM2"
"3720","NRBF2"
"3721","DST"
"3722","CYP2E1"
"3723","S100B"
"3724","ARL5B"
"3725","AAK1"
"3726","BCL10"
"3727","FCGR2A"
"3728","GLA"
"3729","ANGEL2"
"3730","MTOR"
"3731","POLR2J"
"3732","BCCIP"
"3733","EPHA3"
"3734","MERTK"
"3735","KPNA2"
"3736","FLG"
"3737","ATRX"
"3738","AXIN2"
"3739","CLOCK"
"3740","RFX5"
"3741","ITCH"
"3742","EML4"
"3743","EPB41L3"
"3744","MAL"
"3745","NRGN"
"3746","ADCY1"
"3747","CCL2"
"3748","OLFM4"
"3749","OS9"
"3750","ICMT"
"3751","MBP"
"3752","FAM3C"
"3753","RAMP1"
"3754","PCOLCE2"
"3755","F13A1"
"3756","TCEA1"
"3757","DRAP1"
"3758","SERPINB8"
"3759","EFNA5"
"3760","PIK3C2B"
"3761","CRCP"
"3762","NBEAL2"
"3763","ERP44"
"3764","PSPH"
"3765","GTF2A1"
"3766","RPN2"
"3767","ICOSLG"
"3768","IGLL1"
"3769","FOXO3"
"3770","UBR1"
"3771","RXRA"
"3772","UBA1"
"3773","IL2RB"
"3774","NEAT1"
"3775","CST2"
"3776","IRAK2"
"3777","RCAN1"
"3778","MCEMP1"
"3779","LCP1"
"3780","FBXL12"
"3781","RELB"
"3782","AP1G2"
"3783","NSD3"
"3784","ACBD5"
"3785","GABRB2"
"3786","EPM2AIP1"
"3787","TYW3"
"3788","CDS2"
"3789","DDR1"
"3790","REPS1"
"3791","SLC40A1"
"3792","ZFAND1"
"3793","RALGDS"
"3794","FZD4"
"3795","ELMO1"
"3796","IL33"
"3797","COX8A"
"3798","WDTC1"
"3799","ATF7"
"3800","TPM2"
"3801","MT1E"
"3802","SOD2"
"3803","SPOP"
"3804","IFT88"
"3805","RIN1"
"3806","CDK9"
"3807","NLRC5"
"3808","CLU"
"3809","FZD8"
"3810","ITGB5"
"3811","NOS1"
"3812","SEMA6A"
"3813","CALML4"
"3814","RHOQ"
"3815","COLEC12"
"3816","ARHGAP42"
"3817","TRPV1"
"3818","BEX1"
"3819","GAR1"
"3820","CGAS"
"3821","CDK5"
"3822","UBE4B"
"3823","SOCS2"
"3824","ERN1"
"3825","MMP2"
"3826","SDHAF2"
"3827","GADD45A"
"3828","RBM25"
"3829","IL1RL2"
"3830","RARRES1"
"3831","LTBP1"
"3832","SHC1"
"3833","CTAGE1"
"3834","ZFYVE27"
"3835","EDEM3"
"3836","SPTBN1"
"3837","ATG2A"
"3838","SLC25A20"
"3839","ACSF3"
"3840","RNF175"
"3841","SFTPD"
"3842","ISL1"
"3843","TWIST1"
"3844","NPS"
"3845","CCNG2"
"3846","FGG"
"3847","ANGPT2"
"3848","F12"
"3849","SEC61G"
"3850","IL20"
"3851","PRDX4"
"3852","GABARAP"
"3853","MTERF1"
"3854","NCAPD3"
"3855","TGM2"
"3856","ACOT13"
"3857","PARVG"
"3858","UBE3B"
"3859","ARHGEF7"
"3860","FMOD"
"3861","PLIN3"
"3862","PLA2G4A"
"3863","XRCC4"
"3864","IDH2"
"3865","GAS2"
"3866","TP53BP2"
"3867","L1CAM"
"3868","HMOX2"
"3869","DNAJC13"
"3870","KIF1B"
"3871","SELL"
"3872","CD300A"
"3873","TAF5"
"3874","CD1D"
"3875","SLC38A9"
"3876","SEMA4D"
"3877","AP2S1"
"3878","KITLG"
"3879","SLC2A13"
"3880","FGF5"
"3881","IRF4"
"3882","ORMDL2"
"3883","COPB1"
"3884","AP2M1"
"3885","CSTB"
"3886","DCTN5"
"3887","AP3S1"
"3888","MECOM"
"3889","KPNA5"
"3890","SLAMF6"
"3891","NUMA1"
"3892","PLA2G4C"
"3893","ABCE1"
"3894","GTF3C1"
"3895","FGF17"
"3896","PRKAR1B"
"3897","PPP1R9A"
"3898","BIN1"
"3899","TAF2"
"3900","ATP8A1"
"3901","FBXO32"
"3902","PPFIA2"
"3903","IRAK3"
"3904","KLRK1"
"3905","FLRT2"
"3906","MAP3K1"
"3907","GC"
"3908","LIAS"
"3909","FCER1G"
"3910","LRRC25"
"3911","ADAM19"
"3912","TDP2"
"3913","MAPKAP1"
"3914","RYR3"
"3915","MSH4"
"3916","IFNL2/3"
"3917","BMP2K"
"3918","NDC1"
"3919","PSTPIP1"
"3920","RLIM"
"3921","GGNBP2"
"3922","YBX1"
"3923","PRKCI"
"3924","TBPL1"
"3925","FIG4"
"3926","OGT"
"3927","CSK"
"3928","TAF15"
"3929","FKBP6"
"3930","ERCC6L2"
"3931","CADPS"
"3932","CTSK"
"3933","RHOA"
"3934","KLHL11"
"3935","PHC2"
"3936","NNT"
"3937","STMN3"
"3938","CYC1"
"3939","CHD9"
"3940","ARHGAP12"
"3941","PPP3CC"
"3942","CASP7"
"3943","HMGA2"
"3944","SAP130"
"3945","MGRN1"
"3946","SPECC1"
"3947","MOSPD2"
"3948","TRAF7"
"3949","FOLH1"
"3950","NDUFB4"
"3951","SERPINB5"
"3952","GLUD1"
"3953","RAB4A"
"3954","IKZF3"
"3955","VDAC2"
"3956","VAMP8"
"3957","PHYH"
"3958","IL36B"
"3959","RNF144A"
"3960","TRIM5"
"3961","SIAH2"
"3962","MCHR2"
"3963","MASP2"
"3964","TRGC1/2"
"3965","G6PC2"
"3966","HERC3"
"3967","MED13"
"3968","SLC25A37"
"3969","NAPRT"
"3970","LRRTM3"
"3971","AQR"
"3972","NDUFB6"
"3973","RAB8A"
"3974","IGF2"
"3975","MLX"
"3976","RNF31"
"3977","ALDOA"
"3978","RB1"
"3979","DZIP3"
"3980","ATP6V1F"
"3981","IFNA4/10/17"
"3982","RAE1"
"3983","ACAP2"
"3984","IRAK1"
"3985","CA8"
"3986","KDM5A"
"3987","CPAMD8"
"3988","RAB6A"
"3989","GCLM"
"3990","SCGB3A1"
"3991","LAT2"
"3992","IFI30"
"3993","CSF1"
"3994","CTSD"
"3995","GSC"
"3996","SIRT4"
"3997","SOX5"
"3998","LPAR3"
"3999","TENM4"
"4000","CCDC122"
"4001","ASTN2"
"4002","SIGLEC1"
"4003","SCN8A"
"4004","F2RL3"
"4005","CALML5"
"4006","SPTSSA"
"4007","SGK2"
"4008","FGF19"
"4009","MCTP2"
"4010","TAB2"
"4011","CCL16"
"4012","OLFM2"
"4013","GET4"
"4014","PLAC9"
"4015","EIF2A"
"4016","CLN5"
"4017","SYT10"
"4018","SCARF1"
"4019","TRIM33"
"4020","CANX"
"4021","USP7"
"4022","HSPA6"
"4023","WASL"
"4024","PARVB"
"4025","RPIA"
"4026","MT3"
"4027","TRPC6"
"4028","VSIR"
"4029","GAL"
"4030","ATRIP"
"4031","MED6"
"4032","TSPAN1"
"4033","GRM8"
"4034","CCT8"
"4035","S100A10"
"4036","ACOX2"
"4037","CTXN1"
"4038","DENND2D"
"4039","TAF9"
"4040","CD5L"
"4041","TM7SF2"
"4042","INPP4B"
"4043","SGPP1"
"4044","BAMBI"
"4045","CYSLTR2"
"4046","FAM91A1"
"4047","F8"
"4048","ITGA2"
"4049","MAP2K6"
"4050","HCN1"
"4051","SHH"
"4052","SSTR2"
"4053","FZD7"
"4054","TNFRSF25"
"4055","TXLNA"
"4056","NRXN2"
"4057","NDUFS7"
"4058","HRH2"
"4059","PCYT1A"
"4060","SCARB2"
"4061","DSC2"
"4062","ADCY7"
"4063","EGF"
"4064","PLEC"
"4065","HERC2"
"4066","PLA2G12A"
"4067","WDR19"
"4068","PAFAH1B2"
"4069","PIK3R5"
"4070","KLRF1"
"4071","PCDH15"
"4072","ERG"
"4073","CKLF"
"4074","DYNC1I2"
"4075","ARHGEF9"
"4076","IDNK"
"4077","GCG"
"4078","DSCAM"
"4079","RAB11A"
"4080","PTGR1"
"4081","WIPF3"
"4082","EXT1"
"4083","TXN2"
"4084","UBE2I"
"4085","LSM7"
"4086","FFAR2"
"4087","STXBP2"
"4088","FZD3"
"4089","HNRNPF"
"4090","MIGA1"
"4091","GRAMD1B"
"4092","SLC12A2"
"4093","IFT57"
"4094","CSF1R"
"4095","ROBO4"
"4096","NEU3"
"4097","AHI1"
"4098","LRRC8B"
"4099","SIRT7"
"4100","ATP1A1"
"4101","GRIA3"
"4102","ZNF622"
"4103","CAV1"
"4104","CCNT2"
"4105","XYLT1"
"4106","TNNC2"
"4107","CEP135"
"4108","SIGMAR1"
"4109","SFN"
"4110","HTR2C"
"4111","CRABP2"
"4112","AKR1C4"
"4113","ST6GAL2"
"4114","NDEL1"
"4115","ACAT1"
"4116","TAPBPL"
"4117","LST1"
"4118","BAGE"
"4119","PRKACA"
"4120","CLEC2B"
"4121","COX7A2L"
"4122","RUNX2"
"4123","ANGPTL4"
"4124","LHFPL6"
"4125","P2RY12"
"4126","PIP4K2A"
"4127","PPP4C"
"4128","EIF2S1"
"4129","MBTPS2"
"4130","APOO"
"4131","SSBP1"
"4132","PDIA3"
"4133","OMA1"
"4134","SRF"
"4135","EHD4"
"4136","CAV2"
"4137","AIP"
"4138","TACSTD2"
"4139","PPP5C"
"4140","NLK"
"4141","PHF2"
"4142","HNRNPM"
"4143","UBB"
"4144","STX18"
"4145","TRPM3"
"4146","CALCRL"
"4147","IL18RAP"
"4148","NOTCH1"
"4149","EFNB3"
"4150","TLR3"
"4151","PRKCE"
"4152","ADCY8"
"4153","USP5"
"4154","IL2RA"
"4155","LGR5"
"4156","CNKSR2"
"4157","COL21A1"
"4158","CHAD"
"4159","TUBD1"
"4160","TTK"
"4161","PLPP3"
"4162","HADHB"
"4163","DDX42"
"4164","TSHR"
"4165","MDFIC"
"4166","MYH6"
"4167","MPIG6B"
"4168","LPAR6"
"4169","UBE2G1"
"4170","HELLS"
"4171","NEO1"
"4172","IL10RA"
"4173","ATF7IP"
"4174","GATA4"
"4175","POLR2F"
"4176","TJP1"
"4177","CXCL6"
"4178","COPS5"
"4179","NUP85"
"4180","PLEK"
"4181","ROCK1"
"4182","PPARGC1B"
"4183","CDH1"
"4184","ABRAXAS1"
"4185","BIRC5"
"4186","GRN"
"4187","OPN3"
"4188","CD151"
"4189","PHF6"
"4190","OLA1"
"4191","LAMA5"
"4192","EZH2"
"4193","ACSL3"
"4194","CTF1"
"4195","SRGAP1"
"4196","CD70"
"4197","SNX2"
"4198","SOCS6"
"4199","MS4A1"
"4200","CSMD3"
"4201","SBF2"
"4202","TNFAIP6"
"4203","CKS1B"
"4204","RBBP8"
"4205","POLR3K"
"4206","CD14"
"4207","LRRC4B"
"4208","KRT16"
"4209","PTGIR"
"4210","SLC44A5"
"4211","ANO6"
"4212","IL1RAP"
"4213","SIGLEC10"
"4214","RBM8A"
"4215","MEGF11"
"4216","TTPA"
"4217","TRADD"
"4218","BLM"
"4219","LPAR5"
"4220","IL18R1"
"4221","SLC2A9"
"4222","ATG7"
"4223","MMRN1"
"4224","KPNB1"
"4225","PRKX"
"4226","ALKBH5"
"4227","WASF1"
"4228","TIAM1"
"4229","DUSP6"
"4230","NQO1"
"4231","RDH11"
"4232","PRKD2"
"4233","NKX2-1"
"4234","ZNF277"
"4235","STAMBP"
"4236","KYAT1"
"4237","LRR1"
"4238","ITGB1"
"4239","ANXA2"
"4240","FBXL5"
"4241","SLC1A2"
"4242","BTF3"
"4243","HLA-DOB"
"4244","PDP1"
"4245","SMC4"
"4246","UBE2V1"
"4247","ITPR2"
"4248","MGST1"
"4249","TAGLN"
"4250","CREB5"
"4251","DDX24"
"4252","ACOT8"
"4253","ZDHHC21"
"4254","NUP210"
"4255","TRBV12-3"
"4256","OXTR"
"4257","SRSF9"
"4258","EPHA7"
"4259","ATP2A2"
"4260","ATXN1L"
"4261","ROPN1"
"4262","PLLP"
"4263","FOXL2"
"4264","DDB2"
"4265","JUND"
"4266","NR1H3"
"4267","CD40LG"
"4268","TAP2"
"4269","MYL9"
"4270","PKM"
"4271","PPP1R7"
"4272","RFX1"
"4273","OPRK1"
"4274","SERPINB2"
"4275","MED1"
"4276","LILRA3"
"4277","UBE2Q1"
"4278","HDAC5"
"4279","UBA5"
"4280","GRSF1"
"4281","C1QB"
"4282","WDR76"
"4283","COX7A1"
"4284","SMIM24"
"4285","ARID4B"
"4286","SLC6A15"
"4287","IDO1"
"4288","SERINC3"
"4289","COX5B"
"4290","NDUFV3"
"4291","PMAIP1"
"4292","CREG1"
"4293","TET1"
"4294","KMT2A"
"4295","CYCS"
"4296","H2AX"
"4297","LYPD3"
"4298","IL17C"
"4299","SLC18A2"
"4300","IL1B"
"4301","ENDOD1"
"4302","UMODL1"
"4303","SCARB1"
"4304","CPD"
"4305","BLVRA"
"4306","COX17"
"4307","LEFTY2"
"4308","VPS29"
"4309","TGFBR1"
"4310","ID1"
"4311","COX14"
"4312","CTCF"
"4313","MELK"
"4314","GNG10"
"4315","ACACA"
"4316","RPE"
"4317","CES3"
"4318","MYBL2"
"4319","IL4"
"4320","PARP1"
"4321","SMURF1"
"4322","ABHD6"
"4323","HSPA4"
"4324","CTDSP2"
"4325","SART1"
"4326","PAX6"
"4327","NEU4"
"4328","NCOR2"
"4329","FLT3"
"4330","CHRM3"
"4331","CELSR1"
"4332","MTMR1"
"4333","GPS1"
"4334","PRSS16"
"4335","PIK3CD"
"4336","TM7SF3"
"4337","TUBA4A"
"4338","VSIG4"
"4339","CCR9"
"4340","TNFSF12"
"4341","IFI6"
"4342","HSPB6"
"4343","ID2"
"4344","TUBB2A"
"4345","AKAP12"
"4346","SMARCB1"
"4347","COX6A1"
"4348","GABARAPL2"
"4349","INS"
"4350","PSCA"
"4351","BTC"
"4352","FGF9"
"4353","MAOA"
"4354","EED"
"4355","PTCD2"
"4356","NLRC4"
"4357","CR1L"
"4358","PHKG2"
"4359","MAP2K5"
"4360","AVPR1B"
"4361","KIF3B"
"4362","PPP1CA"
"4363","SETX"
"4364","BCL6B"
"4365","LONP1"
"4366","LIN52"
"4367","INHBC"
"4368","GATA2"
"4369","ADIRF"
"4370","TRMT112"
"4371","HNF4A"
"4372","ANKRD30B"
"4373","DOCK4"
"4374","CREB1"
"4375","DRD4"
"4376","KRT23"
"4377","CTDNEP1"
"4378","RPA1"
"4379","NUP98"
"4380","ACSM2A"
"4381","BCAS2"
"4382","ADGRE1"
"4383","SUPT3H"
"4384","KLHL3"
"4385","EIF2AK2"
"4386","BRMS1"
"4387","SRI"
"4388","MYO1B"
"4389","ARMH1"
"4390","ARTN"
"4391","HIPK1"
"4392","IRF1"
"4393","SGCG"
"4394","HLA-E"
"4395","MDC1"
"4396","FGFR2"
"4397","DDX46"
"4398","PPARG"
"4399","TDO2"
"4400","FURIN"
"4401","EIF4EBP3"
"4402","ADH1B"
"4403","PYCR3"
"4404","TAF12"
"4405","HECW1"
"4406","MPL"
"4407","TRAF6"
"4408","ZFYVE16"
"4409","ENTPD4"
"4410","NCBP2"
"4411","SRD5A2"
"4412","WDR1"
"4413","HOXA3"
"4414","GCH1"
"4415","LIG4"
"4416","HSPA9"
"4417","LEFTY1"
"4418","ZNF205"
"4419","FCGRT"
"4420","SFRP4"
"4421","TRIM8"
"4422","CSNK1A1"
"4423","BRIP1"
"4424","ARPC5L"
"4425","UBXN4"
"4426","RGPD5"
"4427","UNC13D"
"4428","PGM2L1"
"4429","VTI1B"
"4430","JARID2"
"4431","MFAP3"
"4432","TNFRSF12A"
"4433","DNAJC3"
"4434","CYB5R3"
"4435","AFF1"
"4436","EIF4E2"
"4437","TRAK2"
"4438","BRCA2"
"4439","SLC18A3"
"4440","RASGRP3"
"4441","WNT10B"
"4442","TRRAP"
"4443","C7"
"4444","C9orf72"
"4445","UGT8"
"4446","RRM2"
"4447","GLIPR1"
"4448","CLEC5A"
"4449","CD86"
"4450","AP1S1"
"4451","GDPD1"
"4452","BAK1"
"4453","ING5"
"4454","CDC6"
"4455","PTGES3"
"4456","P4HB"
"4457","ANAPC1"
"4458","JAK3"
"4459","NPHP3"
"4460","ETFA"
"4461","IPCEF1"
"4462","AGTRAP"
"4463","PENK"
"4464","NTN4"
"4465","ARFGEF1"
"4466","CYP27A1"
"4467","KRT17"
"4468","GDF15"
"4469","PAM"
"4470","LAMTOR2"
"4471","RELN"
"4472","ASAP2"
"4473","BDNF"
"4474","DHX29"
"4475","INPP5D"
"4476","SRSF8"
"4477","DDX3X"
"4478","IDH3A"
"4479","BCL2L11"
"4480","SMAD4"
"4481","MAML1"
"4482","FANCL"
"4483","TM4SF1"
"4484","MAP4K2"
"4485","TSPAN3"
"4486","FCRL2"
"4487","MTFR1"
"4488","POU2F1"
"4489","STAB1"
"4490","GATA3"
"4491","GNG4"
"4492","PPIL1"
"4493","ATP5ME"
"4494","CUL1"
"4495","CLSTN2"
"4496","MAP2K2"
"4497","SNX9"
"4498","INPPL1"
"4499","TMEM45B"
"4500","ARF6"
"4501","SERPINE1"
"4502","H4C3"
"4503","RNF2"
"4504","EIF6"
"4505","MARK3"
"4506","NUP43"
"4507","PTGS2"
"4508","TPCN1"
"4509","FGF13"
"4510","EPHB1"
"4511","MAF"
"4512","YWHAZ"
"4513","L2HGDH"
"4514","DEFA4"
"4515","CPEB4"
"4516","ZNF521"
"4517","GOLM1"
"4518","MOGAT1"
"4519","CLEC11A"
"4520","PKN2"
"4521","HLA-F"
"4522","CCDC92"
"4523","SEC11A"
"4524","CEP70"
"4525","FZD1"
"4526","LAIR2"
"4527","CD247"
"4528","GPX2"
"4529","CCNG1"
"4530","PLA1A"
"4531","SLC25A27"
"4532","LTF"
"4533","ABCB8"
"4534","MEA1"
"4535","TACR3"
"4536","UBE2E1"
"4537","BTLA"
"4538","NEIL1"
"4539","GPC5"
"4540","PTPRA"
"4541","AUTS2"
"4542","SLC2A12"
"4543","BID"
"4544","TCF7L2"
"4545","NFKBIE"
"4546","CIDEA"
"4547","PRMT2"
"4548","S100A7"
"4549","KIT"
"4550","MNDA"
"4551","CEBPA"
"4552","COPRS"
"4553","HLA-DQA2"
"4554","IFNA8"
"4555","HERC6"
"4556","PIAS4"
"4557","ATG13"
"4558","ESCO1"
"4559","NUF2"
"4560","HSPA4L"
"4561","MRC1"
"4562","RAB11FIP1"
"4563","BMP8B"
"4564","SLC2A5"
"4565","CUL5"
"4566","RNF43"
"4567","BNC1"
"4568","B2M"
"4569","IFIH1"
"4570","ELP3"
"4571","VAMP3"
"4572","FANCB"
"4573","NUDT4"
"4574","CLDN1"
"4575","KMT2E"
"4576","SLC1A3"
"4577","KLRG1"
"4578","KLF5"
"4579","NRG3"
"4580","KSR2"
"4581","PAXIP1"
"4582","ADGRF3"
"4583","SATB1"
"4584","PELI1"
"4585","ORMDL1"
"4586","EHMT2"
"4587","KLF4"
"4588","CERS2"
"4589","VPS72"
"4590","GATAD2B"
"4591","CFP"
"4592","PNKP"
"4593","U2AF1"
"4594","PHF1"
"4595","HSPD1"
"4596","NECTIN2"
"4597","PEBP1"
"4598","NDRG1"
"4599","MAN1A1"
"4600","GUSB"
"4601","BAG1"
"4602","DDRGK1"
"4603","ARFGAP3"
"4604","RGN"
"4605","TNFRSF10A"
"4606","CD84"
"4607","PBX3"
"4608","SUN1"
"4609","PYGB"
"4610","ACY1"
"4611","UFD1"
"4612","SOCS5"
"4613","PRG2"
"4614","GDE1"
"4615","TRIM21"
"4616","HECW2"
"4617","BMP8A"
"4618","SLC22A3"
"4619","HRH3"
"4620","KIAA1217"
"4621","XCR1"
"4622","LEF1"
"4623","UBE2Z"
"4624","IRGM"
"4625","CALHM6"
"4626","STAU1"
"4627","F2R"
"4628","IGF2R"
"4629","RGS7"
"4630","SDC2"
"4631","LAMB1"
"4632","GALR3"
"4633","ANAPC10"
"4634","MMP1"
"4635","STK4"
"4636","ACTN1"
"4637","CACNA1C"
"4638","OTOA"
"4639","AP2A2"
"4640","AQP3"
"4641","KCNJ4"
"4642","CDC37"
"4643","RFC4"
"4644","USP39"
"4645","IKBKG"
"4646","SNAI2"
"4647","IL12RB2"
"4648","SCGB2A1"
"4649","TLR10"
"4650","WEE1"
"4651","NCF4"
"4652","REN"
"4653","CNST"
"4654","IL20RB"
"4655","DKK1"
"4656","LTK"
"4657","PHB2"
"4658","TNKS"
"4659","NKD1"
"4660","C1QC"
"4661","KIF5C"
"4662","MST1R"
"4663","GPS2"
"4664","FOXJ1"
"4665","NSD1"
"4666","RBL2"
"4667","CPB2"
"4668","MAD2L1"
"4669","LMAN2"
"4670","ADGRG5"
"4671","CDC42EP3"
"4672","LMNA"
"4673","LINC01781"
"4674","LPL"
"4675","AMHR2"
"4676","ADAMTS17"
"4677","DPP4"
"4678","NSMAF"
"4679","FCAR"
"4680","SLAMF7"
"4681","RAD1"
"4682","PDE8A"
"4683","IAPP"
"4684","PPP1R12A"
"4685","ST3GAL6"
"4686","LIF"
"4687","RAG1"
"4688","ROBO1"
"4689","TYROBP"
"4690","SRPK2"
"4691","PGK1"
"4692","NDUFV2"
"4693","CRAT"
"4694","KRT80"
"4695","RNASE2"
"4696","PAK2"
"4697","CHMP1B"
"4698","SLC4A10"
"4699","MYT1L"
"4700","BLK"
"4701","GATA6"
"4702","SPRY4"
"4703","BRINP1"
"4704","ATP5IF1"
"4705","PLD4"
"4706","ACSL1"
"4707","PLXNA2"
"4708","VPREB3"
"4709","CWC15"
"4710","POT1"
"4711","HECTD1"
"4712","ARHGAP5"
"4713","LRIG1"
"4714","NEU1"
"4715","LAT"
"4716","PJA2"
"4717","ANKRD6"
"4718","NEGR1"
"4719","MAFB"
"4720","PDK4"
"4721","HEPACAM2"
"4722","SH3TC1"
"4723","CTNNBL1"
"4724","RNF41"
"4725","ZYG11B"
"4726","SLC27A5"
"4727","SERPINE2"
"4728","FANCF"
"4729","RAP2C"
"4730","KIR3DL3"
"4731","PAN3"
"4732","CD164"
"4733","CYP4A11"
"4734","IMPACT"
"4735","CCR6"
"4736","PRKDC"
"4737","FABP4"
"4738","MYEF2"
"4739","HSPA1B"
"4740","ETV1"
"4741","HIF3A"
"4742","PSAT1"
"4743","ELANE"
"4744","CAB39L"
"4745","RAB5A"
"4746","KCNH7"
"4747","AAMP"
"4748","LCLAT1"
"4749","MAP3K20"
"4750","HBB"
"4751","NDUFA1"
"4752","ERP29"
"4753","ITGB3"
"4754","NSG1"
"4755","HOMER1"
"4756","CREB3"
"4757","PSMD9"
"4758","CCR10"
"4759","FBXO3"
"4760","TACC3"
"4761","SELPLG"
"4762","GRAP2"
"4763","TOMM5"
"4764","CEPT1"
"4765","TRIB3"
"4766","NOS3"
"4767","RWDD1"
"4768","RSF1"
"4769","CFLAR"
"4770","PCP2"
"4771","ATP9A"
"4772","SLC27A3"
"4773","HAUS3"
"4774","NKX2-5"
"4775","LDLRAP1"
"4776","COL3A1"
"4777","ASIP"
"4778","COL6A1"
"4779","TUBB2B"
"4780","ELOVL7"
"4781","FRY"
"4782","CRTAM"
"4783","FAS"
"4784","ATP6V0D1"
"4785","STARD3NL"
"4786","CHKA"
"4787","BGN"
"4788","CIC"
"4789","COX4I2"
"4790","GNAL"
"4791","KCNN2"
"4792","CDK16"
"4793","ATP6V1C1"
"4794","ASB8"
"4795","KIRREL3"
"4796","EIF4EBP1"
"4797","CTSF"
"4798","MOBP"
"4799","KDM2B"
"4800","CBLB"
"4801","PDPN"
"4802","VHL"
"4803","DBF4"
"4804","PSEN1"
"4805","EPHX2"
"4806","SENP7"
"4807","KIF16B"
"4808","FBLN1"
"4809","NPPA"
"4810","EOMES"
"4811","RAD9A"
"4812","MOV10L1"
"4813","DUOX1"
"4814","CDK7"
"4815","IFI44L"
"4816","ADGRL2"
"4817","MED12"
"4818","PSMD10"
"4819","SLFN11"
"4820","DHX15"
"4821","LY86"
"4822","PNP"
"4823","HTR3A"
"4824","U2AF2"
"4825","ACBD6"
"4826","PREP"
"4827","ARIH2"
"4828","PKN1"
"4829","PSMC6"
"4830","MED23"
"4831","ARNT2"
"4832","ADCY2"
"4833","TP53"
"4834","CCL8"
"4835","LY75"
"4836","ADIPOR1"
"4837","NET1"
"4838","SOS1"
"4839","CTNNA1"
"4840","CENPU"
"4841","IL9"
"4842","OSBPL8"
"4843","CD83"
"4844","GIMAP7"
"4845","ABHD12"
"4846","ATXN7"
"4847","APOA4"
"4848","INHA"
"4849","CUX1"
"4850","APLN"
"4851","MX2"
"4852","PDZRN4"
"4853","FBXW5"
"4854","GSKIP"
"4855","SLC44A1"
"4856","H2BC5"
"4857","PRKACB"
"4858","CENPH"
"4859","IRF7"
"4860","DIDO1"
"4861","RBPJ"
"4862","AIFM1"
"4863","SNTB1"
"4864","DOCK3"
"4865","LY6D"
"4866","PLEKHH2"
"4867","STAT4"
"4868","HNRNPUL1"
"4869","PSMB8"
"4870","KYAT3"
"4871","INPP4A"
"4872","SRGN"
"4873","MAN2B1"
"4874","NDUFB3"
"4875","PGAM2"
"4876","POLD4"
"4877","DSP"
"4878","NAALAD2"
"4879","PPP2R2D"
"4880","NDUFV1"
"4881","PDE12"
"4882","BRCC3"
"4883","CDK5RAP2"
"4884","SIRT6"
"4885","VIP"
"4886","JMJD1C"
"4887","MAP1B"
"4888","SLMAP"
"4889","IL17RA"
"4890","UNC5B"
"4891","FOXP2"
"4892","UVRAG"
"4893","OLFM3"
"4894","MSL3"
"4895","HMG20B"
"4896","NUP35"
"4897","PLPP2"
"4898","CCT6A"
"4899","MKNK1"
"4900","SKIL"
"4901","TRA2B"
"4902","UBAC1"
"4903","STK17A"
"4904","PDX1"
"4905","GLYR1"
"4906","BLZF1"
"4907","PNMA1"
"4908","POU5F1"
"4909","CCL11"
"4910","GP6"
"4911","SLIT3"
"4912","SGCB"
"4913","S100A4"
"4914","RTN4"
"4915","IFIT3"
"4916","CEMIP2"
"4917","SKI"
"4918","TRIM25"
"4919","PSMB10"
"4920","TRDC"
"4921","CLDN7"
"4922","CYFIP2"
"4923","ITM2A"
"4924","MVB12A"
"4925","EXOC7"
"4926","UBE2K"
"4927","FAAP20"
"4928","IL31RA"
"4929","SCP2"
"4930","SS18"
"4931","TNFSF10"
"4932","COX5A"
"4933","SRP54"
"4934","DPPA3"
"4935","JUN"
"4936","MC4R"
"4937","RIMS1"
"4938","TSPO2"
"4939","COL5A3"
"4940","SAMSN1"
"4941","MKKS"
"4942","ERC1"
"4943","NDUFAF5"
"4944","FPR1"
"4945","PDPK1"
"4946","CDC20B"
"4947","FBXO2"
"4948","PRKN"
"4949","STAM"
"4950","PASD1"
"4951","MLLT3"
"4952","TMCC1"
"4953","UNC5D"
"4954","PNPLA2"
"4955","CREB3L4"
"4956","FZR1"
"4957","MSMO1"
"4958","SAMD4A"
"4959","DTNA"
"4960","MIXL1"
"4961","PLEKHA1"
"4962","NUSAP1"
"4963","PRPS2"
"4964","ILF3"
"4965","LRRK2"
"4966","PPBP"
"4967","APBA1"
"4968","OASL"
"4969","RUFY1"
"4970","RNF25"
"4971","PLCG1"
"4972","HPGDS"
"4973","STON2"
"4974","MYL11"
"4975","UQCR10"
"4976","SLC27A1"
"4977","KPNA6"
"4978","SALL1"
"4979","TCL1B"
"4980","CHRNA7"
"4981","SPPL2B"
"4982","RAB18"
"4983","PXN"
"4984","LAMB4"
"4985","EPS15"
"4986","ALDH2"
"4987","NDUFB8"
"4988","KDM5B"
"4989","PTTG2"
"4990","CR1"
"4991","FUT4"
"4992","ACE2"
"4993","CAMKK2"
"4994","FBXO4"
"4995","NNMT"
"4996","FOLR1"
"4997","TXNIP"
"4998","NAP1L5"
"4999","CD1C"
"5000","DDOST"
"5001","HHAT"
"5002","TLR6"
"5003","UBE2S"
"5004","ARPC1A"
"5005","IFNB1"
"5006","PTPN4"
"5007","SCPEP1"
"5008","BRAT1"
"5009","ARL6IP5"
"5010","LCN2"
"5011","GBP1"
"5012","GNA12"
"5013","GGPS1"
"5014","CLCF1"
"5015","THBD"
"5016","MYCT1"
"5017","INHBB"
"5018","NKG7"
"5019","FUT9"
"5020","ABCA2"
"5021","NFKBIB"
"5022","NUMBL"
"5023","OSTF1"
"5024","TNFAIP8L1"
"5025","BCL7A"
"5026","TUBB6"
"5027","WIPI1"
"5028","KIFC3"
"5029","BDH2"
"5030","SLC13A3"
"5031","DNAJC5"
"5032","CENPW"
"5033","ETS1"
"5034","SYTL3"
"5035","CYP19A1"
"5036","ANXA4"
"5037","MVD"
"5038","TAL1"
"5039","SSTR4"
"5040","TSHZ2"
"5041","DDX41"
"5042","TIGIT"
"5043","IGLV6-57"
"5044","PLIN2"
"5045","SAR1A"
"5046","NUDT2"
"5047","MYO6"
"5048","GNPAT"
"5049","PRKG1"
"5050","MESP1"
"5051","PSME2"
"5052","HAND1"
"5053","ANKH"
"5054","DERL2"
"5055","CCKBR"
"5056","KCNJ2"
"5057","MYCBP2"
"5058","SIPA1"
"5059","ITGA5"
"5060","CCND2"
"5061","ITGAV"
"5062","PLD1"
"5063","PPP1R14B"
"5064","FLNC"
"5065","ABLIM1"
"5066","SMARCD2"
"5067","AVP"
"5068","MAPRE1"
"5069","LYVE1"
"5070","CPVL"
"5071","ACADM"
"5072","IL12A"
"5073","MED4"
"5074","CYTH4"
"5075","PKLR"
"5076","GUCY1B1"
"5077","SCAP"
"5078","GLB1"
"5079","SMAD9"
"5080","TRIM4"
"5081","TOX3"
"5082","HYOU1"
"5083","PIAS2"
"5084","MRAS"
"5085","PFKM"
"5086","CLEC10A"
"5087","ATP6V0B"
"5088","PNPT1"
"5089","AMFR"
"5090","PARP16"
"5091","CDK11A"
"5092","MSL2"
"5093","MARCKSL1"
"5094","RCC1"
"5095","ACSS2"
"5096","PDCD1"
"5097","IL12B"
"5098","PRF1"
"5099","ALCAM"
"5100","GPX4"
"5101","SUMF1"
"5102","CAMK4"
"5103","MC3R"
"5104","TMSB4Y"
"5105","NDUFB1"
"5106","F3"
"5107","QDPR"
"5108","TULP3"
"5109","WIPF1"
"5110","ARAF"
"5111","ABCB1"
"5112","WASHC5"
"5113","BCR"
"5114","PRKCH"
"5115","JAG1"
"5116","GRB10"
"5117","MEIS2"
"5118","FGF18"
"5119","PSMD13"
"5120","SSR1"
"5121","RORC"
"5122","OPHN1"
"5123","NDRG4"
"5124","NANOG"
"5125","PRKCSH"
"5126","TRIM22"
"5127","IL1R1"
"5128","TPK1"
"5129","ENY2"
"5130","ENPP6"
"5131","KCTD7"
"5132","ARPC1B"
"5133","CAST"
"5134","LTB"
"5135","TLK2"
"5136","ASF1A"
"5137","DUSP4"
"5138","HAMP"
"5139","MTR"
"5140","MFGE8"
"5141","PPP1R2"
"5142","ROR1"
"5143","SLC16A2"
"5144","MDGA2"
"5145","CDH13"
"5146","NCOA6"
"5147","SYT17"
"5148","NECAP2"
"5149","HSPE1"
"5150","GPI"
"5151","EGR2"
"5152","RAP1GDS1"
"5153","RAC3"
"5154","SVIL"
"5155","ARHGAP15"
"5156","JAG2"
"5157","RFTN1"
"5158","PLEKHO2"
"5159","PDCD6IP"
"5160","SCAMP5"
"5161","KLRG2"
"5162","ANXA1"
"5163","TSPAN14"
"5164","EWSR1"
"5165","DOCK10"
"5166","BCAR1"
"5167","WWP1"
"5168","DCX"
"5169","FFAR3"
"5170","PANX1"
"5171","POLR2K"
"5172","ALK"
"5173","PJA1"
"5174","VGLL3"
"5175","CNTFR"
"5176","ANKRD28"
"5177","STK39"
"5178","SPON1"
"5179","FGF12"
"5180","CASP4"
"5181","LRBA"
"5182","YWHAG"
"5183","CDIPT"
"5184","OXSR1"
"5185","RASAL2"
"5186","VAMP7"
"5187","GNA11"
"5188","SYPL1"
"5189","BATF3"
"5190","THOP1"
"5191","MYL6B"
"5192","NRF1"
"5193","CHGA"
"5194","YBX3"
"5195","ARG2"
"5196","EIF4EBP2"
"5197","MYB"
"5198","CMTM6"
"5199","GPR158"
"5200","MLANA"
"5201","OGDH"
"5202","AXIN1"
"5203","PFKFB4"
"5204","SYVN1"
"5205","SLC26A2"
"5206","CEP78"
"5207","IL23A"
"5208","IL23R"
"5209","CYP4B1"
"5210","ITGA9"
"5211","SAR1B"
"5212","CEBPD"
"5213","TUSC3"
"5214","SNF8"
"5215","TNFSF4"
"5216","FAM124B"
"5217","MSRA"
"5218","CYFIP1"
"5219","IL15"
"5220","CBFB"
"5221","RIMKLA"
"5222","FBXW8"
"5223","FBXL7"
"5224","JAK2"
"5225","FST"
"5226","ADAMTS9"
"5227","STAT6"
"5228","ADAM9"
"5229","CTLA4"
"5230","BCAR3"
"5231","WDR82"
"5232","MED8"
"5233","CD37"
"5234","DTX1"
"5235","ZNRF2"
"5236","LAG3"
"5237","BTN3A1"
"5238","SCG5"
"5239","SPRY1"
"5240","SNX1"
"5241","ERRFI1"
"5242","FCER1A"
"5243","GNPTG"
"5244","SERPINH1"
"5245","YEATS4"
"5246","FUNDC1"
"5247","ARAP2"
"5248","RBFOX3"
"5249","CFI"
"5250","GLS"
"5251","TNFRSF4"
"5252","FGF21"
"5253","AQP7"
"5254","HACL1"
"5255","CHUK"
"5256","ADGRV1"
"5257","SPIB"
"5258","POLE4"
"5259","BMP6"
"5260","RUVBL2"
"5261","PSMB3"
"5262","TCF3"
"5263","ASAP1"
"5264","GBE1"
"5265","TIMP2"
"5266","AKAP9"
"5267","CPEB2"
"5268","CARD8"
"5269","CCL20"
"5270","FUS"
"5271","POLR2G"
"5272","EDNRB"
"5273","SUCO"
"5274","GSR"
"5275","HES4"
"5276","PLA2G4B"
"5277","MIB1"
"5278","NLN"
"5279","SRSF4"
"5280","PDE4B"
"5281","BMP4"
"5282","TRIP6"
"5283","EIF4A3"
"5284","ME3"
"5285","GABRA2"
"5286","IL17F"
"5287","GRK2"
"5288","APEX1"
"5289","FBXL15"
"5290","ATG14"
"5291","EHMT1"
"5292","MYH11"
"5293","RORA"
"5294","AAAS"
"5295","FDFT1"
"5296","ZBTB32"
"5297","IL1R2"
"5298","SKP2"
"5299","CALCR"
"5300","GALR2"
"5301","PTN"
"5302","MOG"
"5303","RNASE3"
"5304","IGHM"
"5305","REST"
"5306","DCAF12"
"5307","SPTLC1"
"5308","ACACB"
"5309","RGS6"
"5310","GPER1"
"5311","IL2RG"
"5312","PPP2CA"
"5313","SEC23B"
"5314","MCM3"
"5315","VIPR2"
"5316","KLRD1"
"5317","PTPRG"
"5318","NDUFB9"
"5319","KCNQ1"
"5320","BOLA2"
"5321","KPNA4"
"5322","KRT18"
"5323","SHC3"
"5324","CBLN2"
"5325","ATG5"
"5326","CDK8"
"5327","SNRPA1"
"5328","SV2A"
"5329","GNGT2"
"5330","CDC26"
"5331","PHF21A"
"5332","AGBL4"
"5333","KLRC3"
"5334","CNOT2"
"5335","LRP5"
"5336","SRD5A1"
"5337","CACNG1"
"5338","NEFL"
"5339","GIPC1"
"5340","CUZD1"
"5341","CEP55"
"5342","YEATS2"
"5343","PSMA6"
"5344","RBBP5"
"5345","GAS6"
"5346","APLP2"
"5347","HRAS"
"5348","F11R"
"5349","RGS5"
"5350","UTF1"
"5351","APLP1"
"5352","LAMP1"
"5353","PRMT1"
"5354","BABAM1"
"5355","GRM1"
"5356","PKD2"
"5357","PPP2R1A"
"5358","OAS3"
"5359","PLD3"
"5360","MCU"
"5361","SUMO1"
"5362","ZFPM2"
"5363","SYT1"
"5364","TAF4B"
"5365","SLC2A1"
"5366","UGCG"
"5367","EIF1AY"
"5368","GNG11"
"5369","IFNAR1"
"5370","VPS4A"
"5371","USP8"
"5372","PRIM1"
"5373","CENPT"
"5374","RASD1"
"5375","PGR"
"5376","PLRG1"
"5377","ABHD2"
"5378","AGT"
"5379","MAPK12"
"5380","H3C8"
"5381","OPRM1"
"5382","TGFBI"
"5383","IL4R"
"5384","PLA2G5"
"5385","LAD1"
"5386","TET2"
"5387","RUBCN"
"5388","DTX4"
"5389","BCAN"
"5390","LEPR"
"5391","GABBR2"
"5392","PURA"
"5393","CCNA1"
"5394","CYBA"
"5395","DHX9"
"5396","CXXC5"
"5397","EPB41L1"
"5398","PTGIS"
"5399","CCL7"
"5400","CLEC3A"
"5401","RNF114"
"5402","MECP2"
"5403","LHX1"
"5404","C1orf35"
"5405","NAGPA"
"5406","PPID"
"5407","NFATC3"
"5408","CLEC4C"
"5409","EXOSC5"
"5410","SRPK1"
"5411","CACNA1F"
"5412","PITX2"
"5413","IFI27"
"5414","ZAP70"
"5415","RGS16"
"5416","ATP6V0A2"
"5417","AP1B1"
"5418","CD7"
"5419","KDM7A"
"5420","VRK1"
"5421","ASIC2"
"5422","CELSR2"
"5423","CYB5B"
"5424","ITGAE"
"5425","ERAP1"
"5426","NBR1"
"5427","TDG"
"5428","UQCR11"
"5429","PSMB4"
"5430","ETFB"
"5431","BTBD3"
"5432","BRINP3"
"5433","RERE"
"5434","SNRPD1"
"5435","PPP1R13B"
"5436","IL18BP"
"5437","CDKN1B"
"5438","CLEC6A"
"5439","LCMT1"
"5440","NFKB2"
"5441","GTF2IRD1"
"5442","PLEKHA2"
"5443","DAPP1"
"5444","CPTP"
"5445","ERCC1"
"5446","POLR2E"
"5447","ITLN1"
"5448","HAS2"
"5449","ATF6"
"5450","TBCE"
"5451","SMAP2"
"5452","RAB3IP"
"5453","ADA"
"5454","MAP2K7"
"5455","CD52"
"5456","AURKB"
"5457","SPINK5"
"5458","RELA"
"5459","WARS1"
"5460","PSMA1"
"5461","ACTR3"
"5462","COL14A1"
"5463","APH1B"
"5464","DNAJB2"
"5465","S100A8"
"5466","FGF10"
"5467","PPM1A"
"5468","TNFRSF10D"
"5469","FOLR2"
"5470","NDRG2"
"5471","BUB3"
"5472","PHKA1"
"5473","ICOS"
"5474","SEMA3E"
"5475","THRB"
"5476","RAB27B"
"5477","TRAP1"
"5478","RASGRP4"
"5479","RHOH"
"5480","EGR1"
"5481","TRIM37"
"5482","GTF2H3"
"5483","ABR"
"5484","PERP"
"5485","CLEC1B"
"5486","BRI3"
"5487","IL13RA1"
"5488","MAP1LC3A"
"5489","RTN1"
"5490","CKB"
"5491","TMSB4X"
"5492","GREM1"
"5493","WAC"
"5494","NPC1"
"5495","MIS18BP1"
"5496","OSBPL9"
"5497","PRKAR1A"
"5498","FKBP5"
"5499","SLC12A3"
"5500","PLCL1"
"5501","TTC14"
"5502","CD8A"
"5503","HSPBP1"
"5504","TEAD3"
"5505","EIF2S2"
"5506","FPR2"
"5507","UBR2"
"5508","NOTCH2"
"5509","AP2B1"
"5510","KRT86"
"5511","IFNGR2"
"5512","MARCO"
"5513","TRMT1"
"5514","EP400"
"5515","TOMM70"
"5516","ADM2"
"5517","ATP6V1B2"
"5518","PCNA"
"5519","AP1G1"
"5520","GLI3"
"5521","NPFF"
"5522","ANKRD22"
"5523","SMARCD1"
"5524","CAPZA1"
"5525","NPY2R"
"5526","CD276"
"5527","CDK4"
"5528","ITGAX"
"5529","USP9Y"
"5530","BCAS1"
"5531","ITGA2B"
"5532","CHL1"
"5533","DYNC1H1"
"5534","TWF1"
"5535","EIF2AK4"
"5536","DNM1"
"5537","HCST"
"5538","CDC73"
"5539","ARSA"
"5540","TAF3"
"5541","LSM6"
"5542","UBE2J2"
"5543","SYN2"
"5544","CD69"
"5545","IFNA2"
"5546","C11orf96"
"5547","F2RL1"
"5548","TTC21B"
"5549","TTC3"
"5550","LAMC3"
"5551","CHID1"
"5552","PLA2G6"
"5553","PLA2G7"
"5554","HOXB2"
"5555","ATP5MJ"
"5556","CD58"
"5557","NTRK3"
"5558","GGA1"
"5559","HDAC1"
"5560","NPY5R"
"5561","C8A"
"5562","MPC1"
"5563","DCTN1"
"5564","NPHP1"
"5565","HMGCS1"
"5566","MNAT1"
"5567","ZFYVE9"
"5568","GRIK2"
"5569","ACSM3"
"5570","IFT172"
"5571","CRLS1"
"5572","FGF3"
"5573","MPV17"
"5574","TPP2"
"5575","P2RY14"
"5576","PCSK6"
"5577","DNAH6"
"5578","TOLLIP"
"5579","ENSA"
"5580","CXCL17"
"5581","STUB1"
"5582","DAXX"
"5583","ASH1L"
"5584","TMC6"
"5585","GLTP"
"5586","FGFBP2"
"5587","GLMN"
"5588","FABP7"
"5589","PIK3CB"
"5590","CXCL3"
"5591","IFNA1"
"5592","CDC5L"
"5593","NDUFA11"
"5594","KMT5B"
"5595","MED7"
"5596","LINC01857"
"5597","SH3BGRL"
"5598","GALNT10"
"5599","TMEM135"
"5600","DCTN3"
"5601","TRBC1"
"5602","RBCK1"
"5603","S100A12"
"5604","LPCAT1"
"5605","TGFB1"
"5606","IL20RA"
"5607","SH3YL1"
"5608","ESR2"
"5609","NDUFC2"
"5610","PSMD6"
"5611","SKIC8"
"5612","CDC14A"
"5613","PTGER4"
"5614","MTMR3"
"5615","CD40"
"5616","RUNX1T1"
"5617","M6PR"
"5618","TPST1"
"5619","GCGR"
"5620","APELA"
"5621","ADAR"
"5622","GIMAP6"
"5623","CDC14B"
"5624","KCNJ8"
"5625","COPS3"
"5626","GDI2"
"5627","CTSA"
"5628","H6PD"
"5629","GNG5"
"5630","CSPG5"
"5631","DNM2"
"5632","STARD7"
"5633","PPT1"
"5634","CRYBG1"
"5635","TAC1"
"5636","DHRS7B"
"5637","SLC6A3"
"5638","MAPK7"
"5639","CD55"
"5640","APOC1"
"5641","DGKI"
"5642","KEAP1"
"5643","WFS1"
"5644","CCL27"
"5645","PRR5"
"5646","CYP2U1"
"5647","ADGRE5"
"5648","RAPGEF1"
"5649","HEXA"
"5650","INPP5A"
"5651","MAP3K12"
"5652","TIMMDC1"
"5653","ORMDL3"
"5654","CCL25"
"5655","UBE3A"
"5656","SQSTM1"
"5657","VANGL2"
"5658","GBP4"
"5659","SETD3"
"5660","BTRC"
"5661","MIS12"
"5662","TRAF3"
"5663","DDAH1"
"5664","CTTN"
"5665","MIP"
"5666","VPS4B"
"5667","SMAD2"
"5668","TSPAN7"
"5669","METTL7A"
"5670","ECI2"
"5671","STOM"
"5672","PI4KB"
"5673","VRK2"
"5674","SNRNP40"
"5675","GRIN2D"
"5676","RBBP6"
"5677","PPP2R5D"
"5678","ABL2"
"5679","KIR3DL1"
"5680","SLC39A11"
"5681","ANG"
"5682","ASPG"
"5683","CXCR4"
"5684","RIPK1"
"5685","ST8SIA1"
"5686","ZBTB17"
"5687","EHHADH"
"5688","CXCR3"
"5689","RARG"
"5690","TXK"
"5691","ITGB7"
"5692","CLEC2D"
"5693","TARDBP"
"5694","PGD"
"5695","SEMG1"
"5696","FCRL5"
"5697","RFX2"
"5698","SPTBN4"
"5699","EMP2"
"5700","AK1"
"5701","ELAVL4"
"5702","FANCA"
"5703","TMEM108"
"5704","PIP5K1A"
"5705","NR2F2"
"5706","UPK3A"
"5707","EXOC6"
"5708","NCR1"
"5709","CCND1"
"5710","KNG1"
"5711","APOM"
"5712","KCND2"
"5713","VPS26B"
"5714","MIER1"
"5715","ACSS3"
"5716","GMIP"
"5717","CD320"
"5718","CHPT1"
"5719","FADD"
"5720","GCK"
"5721","FKBP1A/C"
"5722","TPX2"
"5723","GPHN"
"5724","CKAP5"
"5725","FHOD1"
"5726","CREM"
"5727","BST1"
"5728","SF3A3"
"5729","HOXB3"
"5730","KCNQ5"
"5731","OPTN"
"5732","KDSR"
"5733","MCM4"
"5734","RNF217"
"5735","CRHR1"
"5736","SLC44A2"
"5737","NDUFA2"
"5738","RNF138"
"5739","APOA1"
"5740","NFYB"
"5741","PSAP"
"5742","PPP2R3C"
"5743","AP1S2"
"5744","GPX1"
"5745","CTSO"
"5746","GPCPD1"
"5747","LGI2"
"5748","SLCO2B1"
"5749","DAD1"
"5750","FCRL4"
"5751","CDKN2D"
"5752","NR4A3"
"5753","SMAD5"
"5754","BAG6"
"5755","SYK"
"5756","TNNT2"
"5757","SF3B1"
"5758","MAD2L2"
"5759","DDHD1"
"5760","KALRN"
"5761","DKK4"
"5762","ORC6"
"5763","LATS2"
"5764","VPS28"
"5765","ADAM12"
"5766","SERPING1"
"5767","TRIM56"
"5768","TPI1"
"5769","ACSL4"
"5770","GAS1"
"5771","SOST"
"5772","PYGL"
"5773","EPAS1"
"5774","SEMA6D"
"5775","EIF2B1"
"5776","TTYH2"
"5777","UBE2M"
"5778","CCR2"
"5779","ERBB2"
"5780","SIRT3"
"5781","EHD1"
"5782","PRPF40A"
"5783","CITED2"
"5784","AGPAT2"
"5785","ODAM"
"5786","ACOX3"
"5787","CCNE1"
"5788","XKR4"
"5789","CHMP7"
"5790","CALU"
"5791","HDGF"
"5792","BCL2L1"
"5793","MUC1"
"5794","PHACTR1"
"5795","SDHD"
"5796","BMI1"
"5797","BMP2"
"5798","TMEM179B"
"5799","CHCHD10"
"5800","WASF3"
"5801","GGT7"
"5802","ABCB9"
"5803","APLNR"
"5804","FBXO25"
"5805","TNRC6C"
"5806","TUBB4A"
"5807","MED27"
"5808","TLR1"
"5809","PTPRS"
"5810","MTUS1"
"5811","IL27RA"
"5812","GH1"
"5813","PTPRCAP"
"5814","STK3"
"5815","MEIS1"
"5816","THOC1"
"5817","SRSF7"
"5818","SSX4"
"5819","CNP"
"5820","ATG2B"
"5821","MBNL1"
"5822","BANK1"
"5823","CXCL1"
"5824","ASL"
"5825","SLC39A10"
"5826","NUP160"
"5827","AREG"
"5828","RNF6"
"5829","DLL1"
"5830","SETDB1"
"5831","ALOX15B"
"5832","TES"
"5833","MAP3K8"
"5834","DOCK2"
"5835","CX3CL1"
"5836","RSU1"
"5837","ACOT11"
"5838","POLB"
"5839","KCNJ3"
"5840","MCPH1"
"5841","PHKA2"
"5842","ERBIN"
"5843","PYCARD"
"5844","SEC24B"
"5845","LRRN3"
"5846","GNGT1"
"5847","DSC3"
"5848","NUP93"
"5849","GMNN"
"5850","DDX23"
"5851","APCDD1"
"5852","TESPA1"
"5853","ARMC8"
"5854","ISG15"
"5855","AMPH"
"5856","PLXNA4"
"5857","NDUFS6"
"5858","CXCL9"
"5859","INPP5F"
"5860","UBE2F"
"5861","IDI1"
"5862","MTMR12"
"5863","CD300LF"
"5864","TYK2"
"5865","COMT"
"5866","PIK3C2A"
"5867","TIAL1"
"5868","CXCL14"
"5869","TAC4"
"5870","LEMD3"
"5871","TUBG1"
"5872","IL7R"
"5873","INSIG1"
"5874","PRKACG"
"5875","KDM4A"
"5876","STAG1"
"5877","MT1M"
"5878","BMPR2"
"5879","EMP3"
"5880","SERPINB1"
"5881","LRRC4C"
"5882","EIF5B"
"5883","H3-5"
"5884","OSBPL6"
"5885","UBE2O"
"5886","MYL6"
"5887","KLK3"
"5888","ZFP36L2"
"5889","CACNA1G"
"5890","VWF"
"5891","CALM1"
"5892","LRRC7"
"5893","PTCRA"
"5894","BMP7"
"5895","NRIP1"
"5896","PRKAG2"
"5897","DGKE"
"5898","MAP3K3"
"5899","LY6E"
"5900","ARF5"
"5901","VIPR1"
"5902","TGS1"
"5903","MAPK1"
"5904","MS4A6A"
"5905","PLPP4"
"5906","SLC8A1"
"5907","DRAM1"
"5908","FOXM1"
"5909","PCNX2"
"5910","PCYOX1L"
"5911","FLII"
"5912","TCF7"
"5913","NHLRC2"
"5914","GSS"
"5915","KLKB1"
"5916","FFAR4"
"5917","LYST"
"5918","RGS4"
"5919","COL4A5"
"5920","GANAB"
"5921","RASA4"
"5922","CACNA1H"
"5923","SALL4"
"5924","TERF1"
"5925","GNAS"
"5926","ZP3"
"5927","TIRAP"
"5928","IL34"
"5929","IL17B"
"5930","SUV39H2"
"5931","ERC2"
"5932","IFIT5"
"5933","SLC7A11"
"5934","CCN1"
"5935","BBS9"
"5936","DGKQ"
"5937","PIK3R2"
"5938","DUSP10"
"5939","ZNF598"
"5940","POLR2H"
"5941","RNF14"
"5942","AP4S1"
"5943","MND1"
"5944","ADRA2B"
"5945","TBK1"
"5946","TNC"
"5947","NDP"
"5948","LILRB2"
"5949","ITSN2"
"5950","HP"
"5951","ACTR2"
"5952","MTMR4"
"5953","ELL"
"5954","TUBB"
"5955","GRM3"
"5956","SCD5"
"5957","FGF11"
"5958","TSLP"
"5959","LAMTOR1"
"5960","SLC7A2"
"5961","PTCH1"
"5962","EIF5A"
"5963","FABP5"
"5964","IL17A"
"5965","KDM6A"
"5966","MED25"
"5967","PVALB"
"5968","FEN1"
"5969","USP10"
"5970","VPS37A"
"5971","FBXL20"
"5972","CTCFL"
"5973","AIFM2"
"5974","OGN"
"5975","MMS22L"
"5976","NRAS"
"5977","E2F4"
"5978","KIDINS220"
"5979","MPO"
"5980","ZFHX3"
"5981","UBL4A"
"5982","CTSW"
"5983","KIF11"
"5984","NDUFA12"
"5985","PYCR1"
"5986","NPR2"
"5987","GALC"
"5988","MICB"
"5989","ANAPC7"
"5990","PRKCQ"
"5991","TAF1"
"5992","RTN3"
"5993","TLE5"
"5994","TBL1X"
"5995","GNA15"
"5996","SLC4A8"
"5997","AKT1S1"
"5998","NUAK1"
"5999","BTG2"
"6000","SMN1/2"
"6001","STMN2"
"6002","CPNE8"
"6003","GMPR"
"6004","GNB3"
"6005","BCAM"
"6006","GRIA2"
"6007","PPP6R3"
"6008","TFDP2"
"6009","MPI"
"6010","GSTP1"
"6011","CACNA1E"
"6012","DAAM2"
"6013","KRT4"
"6014","HHIP"
"6015","CD3G"
"6016","KANK1"
"6017","JADE3"
"6018","KANSL3"
"6019","POLR3H"
"6020","PRKCB"
"6021","PREB"
"6022","ARRDC4"
"6023","F2"
"6024","TBC1D8"
"6025","SMARCA4"
"6026","PPIH"
"6027","FZD2"
"6028","UBE2T"
"6029","ITGB4"
"6030","ING4"
"6031","CTNNBIP1"
"6032","TNIP1"
"6033","UBE2C"
"6034","PLOD2"
"6035","ACHE"
"6036","LYNX1"
"6037","PRNP"
"6038","SLC6A11"
"6039","DDX6"
"6040","MBD3"
"6041","TEAD1"
"6042","TACC1"
"6043","MSH2"
"6044","PRDX5"
"6045","EPCAM"
"6046","GYG1"
"6047","SYNJ2"
"6048","ADRB3"
"6049","NOX4"
"6050","PRMT3"
"6051","CD36"
"6052","ME1"
"6053","HTRA2"
"6054","ERO1A"
"6055","KAT5"
"6056","OLIG1"
"6057","ZG16B"
"6058","PAFAH1B1"
"6059","MSMB"
"6060","POLR2I"
"6061","KDM2A"
"6062","DPT"
"6063","SBNO2"
"6064","ATP1A2"
"6065","SOSTDC1"
"6066","PAK1"
"6067","TNFRSF14"
"6068","IL5"
"6069","MMP9"
"6070","HAT1"
"6071","PPWD1"
"6072","SUCLA2"
"6073","ACOT7"
"6074","ABCC9"
"6075","PRPF19"
"6076","ZC3H12A"
"6077","HMBS"
"6078","FGF8"
"6079","NINL"
"6080","CAP2"
"6081","AP3B1"
"6082","ANKRD1"
"6083","SLC5A11"
"6084","FBXL18"
"6085","TPM1"
"6086","PELI2"
"6087","U2SURP"
"6088","MID1"
"6089","FKBP14"
"6090","IGFBP6"
"6091","IGHV1-46"
"6092","LGALS1"
"6093","AVPR2"
"6094","DNAJB11"
"6095","SPTAN1"
"6096","POLR2B"
"6097","TUBA1B"
"6098","MED28"
"6099","JAM3"
"6100","JCHAIN"
"6101","CDC34"
"6102","ERO1B"
"6103","CRH"
"6104","NMT1"
"6105","NOTCH3"
"6106","BCL2A1"
"6107","ICA1"
"6108","CD27"
"6109","BST2"
"6110","NONO"
"6111","NFASC"
"6112","ATG4B"
"6113","ENO4"
"6114","PKP3"
"6115","MT1B"
"6116","B3GALNT1"
"6117","LTA"
"6118","BTG1"
"6119","ETV5"
"6120","PLCE1"
"6121","SLC9A9"
"6122","MBOAT2"
"6123","IL15RA"
"6124","ACP5"
"6125","PLCL2"
"6126","NUP133"
"6127","C1R"
"6128","C1QBP"
"6129","OTC"
"6130","CCL24"
"6131","CDH19"
"6132","IL9R"
"6133","NID1"
"6134","CTSZ"
"6135","PIK3C3"
"6136","PPP2R2A"
"6137","IGHA1"
"6138","AP3D1"
"6139","ABCC4"
"6140","DECR1"
"6141","TP53I3"
"6142","MVP"
"6143","DYSF"
"6144","ACTN4"
"6145","PSMA8"
"6146","GNB5"
"6147","P2RY13"
"6148","CARMN"
"6149","HDAC3"
"6150","CNN2"
"6151","MYCN"
"6152","AGPS"
"6153","TPSAB1/2"
"6154","HSPG2"
"6155","ANAPC11"
"6156","INTU"
"6157","GCDH"
"6158","COL4A1"
"6159","EFNA3"
"6160","DLL3"
"6161","ALOX5"
"6162","AMOT"
"6163","MAML3"
"6164","MED15"
"6165","TBL1XR1"
"6166","TRIM14"
"6167","MAGED2"
"6168","NT5E"
"6169","HLA-DOA"
"6170","GTF2I"
"6171","PGP"
"6172","MOB1B"
"6173","PFN1"
"6174","ELOVL6"
"6175","MET"
