KEGG_HEDGEHOG_SIGNALING_PATHWAY,HALLMARK_HEDGEHOG_SIGNALING,HH_targets
BMP2,ACHE,GLI1
BMP4,ADGRG1,HHIP
BMP5,AMOT,PTCH1
BMP6,CDK5R1,
BMP7,CDK6,
BMP8A,CELSR1,
BMP8B,CNTFR,
BTRC,CRMP1,
CSNK1A1,DPYSL2,
CSNK1A1L,ETS2,
CSNK1D,GLI1,
CSNK1E,HEY1,
CSNK1G1,HEY2,
CSNK1G2,L1CAM,
CSNK1G3,LDB1,
DHH,MYH9,
FBXW11,NF1,
GAS1,NKX6-1,
GLI1,NRCAM,
GLI2,NRP1,
GLI3,NRP2,
GSK3B,OPHN1,
HHIP,PLG,
IHH,PML,
LRP2,PTCH1,
PRKACA,RASA1,
PRKACB,RTN1,
PRKACG,SCG2,
PRKX,SHH,
PTCH1,SLIT1,
PTCH2,THY1,
RAB23,TLE1,
SHH,TLE3,
SMO,UNC5C,
STK36,VEGFA,
SUFU,VLDLR,
WNT1,,
WNT10A,,
WNT10B,,
WNT11,,
WNT16,,
WNT2,,
WNT2B,,
WNT3,,
WNT3A,,
WNT4,,
WNT5A,,
WNT5B,,
WNT6,,
WNT7A,,
WNT7B,,
WNT8A,,
WNT8B,,
WNT9A,,
WNT9B,,
ZIC2,,